@S,Parameter
 Descr,Default template
 Version,Version: 1.7
 CreatedAt,Tue Dec 08 16:47:54 MST 2013
 modifed_at,Mon Aug 18 14:26:05 MDT 2014

@P,albset_rna,0.8000000119209

@P,albset_rnm,0.6000000238419

@P,albset_sna,0.05000000074506

@P,albset_snm,0.2000000029802

@P,basin_area,230130.0

@P,basin_lat,43.67100143433

@P,basin_tsta,1

@P,basin_tsta_hru,1

@P,climate_dist,0

@P,conv_flag,0

@P,den_init,0.1000000014901

@P,den_max,0.5

@P,emis_noppt,0.7796878218651

@P,freeh2o_cap,0.1378304362297

@P,melt_force,140

@P,melt_look,90

@P,moyrsum,0

@P,mxnsos,1
 role,dimension

@P,ncascade,0
 role,dimension

@P,ncascdgw,0
 role,dimension

@P,nchan,1
 role,dimension

@P,ndays,366
 role,dimension

@P,ndepl,2
 role,dimension

@P,ndeplval,11
 role,dimension

@P,nevap,0
 role,dimension

@P,nform,0
 role,dimension

@P,ngate,1
 role,dimension

@P,ngw,1
 role,dimension

@P,nhru,82
 role,dimension

@P,nlapse,3
 role,dimension

@P,nmonths,12
 role,dimension

@P,nobs,1
 role,dimension

@P,nradpl,31
 role,dimension

@P,nrain,18
 role,dimension

@P,nsegment,0
 role,dimension

@P,nsfres,0
 role,dimension

@P,nsnow,0
 role,dimension

@P,nsol,0
 role,dimension

@P,nssr,1
 role,dimension

@P,ntemp,18
 role,dimension

@P,objfunc_q,1

@P,one,1
 role,dimension

@P,outlet_sta,0

@P,pmo,0

@P,potet_sublim,0.7485262155533

@P,print_freq,3

@P,print_objfunc,0

@P,print_type,1

@P,radadj_intcp,1.0

@P,radadj_slope,1.0

@P,radj_sppt,0.6000000238419

@P,radj_wppt,0.5

@P,radmax,0.8000000119209

@P,runoff_units,0

@P,settle_const,0.1000000014901

@P,solrad_elev,2297.0

@P,temp_units,0

@P,tmax_allsnow,34.53140258789

@P,basin_solsta,0

@P,dprst_flag,0

@P,dt_sroff,0.0

@P,glacier_flag,0

@P,rad_conv,0.0

@P,x_add,"  1218406.1753 "

@P,x_div,"   39420.2791 "

@P,y_add," -2392370.4421 "

@P,y_div,"   47031.6819 "

@P,z_add,"   -1956.8333 "

@P,z_div,"     304.8763 "

@P,tmax_add,"     -52.4697 "

@P,tmax_div,"      18.1266 "

@P,tmin_add,"     -26.5270 "

@P,tmin_div,"      13.3387 "

@P,ppt_add,"      -0.0759 "

@P,ppt_div,"       0.0464 "



@T,ngw
description,Parameter bound by 'ngw'
len,1
@H,gwflow_coef,gwsink_coef,gwstor_init
,0.002022877335548,0.0,4.879782676697


@T,nhru
description,Parameter bound by 'nhru'
len,82
@H,carea_max,cov_type,covden_sum,covden_win,hru_area,hru_aspect,hru_deplcrv,hru_elev,hru_gwres,hru_lat,hru_percent_imperv,hru_radpl,hru_slope,hru_ssres,hru_type,hru_x,hru_y,imperv_stor_max,jh_coef_hru,rad_trncf,smidx_coef,smidx_exp,snarea_thresh,snow_intcp,snowinfil_max,soil2gw_max,soil_moist_init,soil_moist_max,soil_rechr_init,soil_rechr_max,soil_type,srain_intcp,tmax_adj,tmin_adj,transp_beg,transp_end,transp_tmax,wrain_intcp,frozen,groundmelt,hru_percent_dprst,hru_solsta,pkwater_equiv_intcp,soil_moist_srunoff
,0.6000000238419,3,0.701667547226,0.6620000004768,4504.600097656,225,1,2254.0,1,43.81999969482,0.0,8,0.2544827759266,1,1,-1194000.0,2408400.0,0.0,14.64500045776,0.1600492447615,9.999999747379E-5,0.2004359960556,6.925000190735,0.0891003832221,2.0,.25,1.0,2.856330871582,0.5,1.724114656448,1,0.04509051144123,1.700000047684,1.700000047684,4,10,500.0,0.04509051144123,0,0,0,0,0.0,0
,0.6000000238419,3,0.6476756334305,0.6182024478912,2391.899902344,0,1,2385.0,1,43.80300140381,0.0,29,0.3406261503696,1,1,-1192000.0,2406300.0,0.0,14.34399986267,0.1805516034365,9.999999747379E-5,0.2004359960556,9.069000244141,0.09622932970524,2.0,.25,1.0,2.496198415756,0.5,1.450152993202,1,0.04979338124394,-1.700000047684,-1.700000047684,4,10,500.0,0.04979338124394,0,0,0,0,0.0,0
,0.6000000238419,3,0.9131012558937,0.8532067537308,2342.5,315,1,2172.0,1,43.80400085449,0.0,11,0.1872577518225,1,1,-1196000.0,2407000.0,0.0,14.88899993896,0.09449990838766,9.999999747379E-5,0.2004359960556,5.585000038147,0.08686707913876,2.0,.25,1.0,3.359531641006,0.5,1.908560156822,2,0.05000000074506,-1.0,-1.0,4,10,500.0,0.04525316134095,0,0,0,0,0.0,0
,0.6000000238419,3,0.917230784893,0.9125333428383,2409.199951172,270,1,2180.0,1,43.78300094604,0.0,12,0.1826518028975,1,1,-1196000.0,2404700.0,0.0,14.84000015259,0.08023928105831,9.999999747379E-5,0.2004359960556,5.715000152588,0.09935384243727,2.0,.25,1.0,3.397464752197,0.5,2.027741670609,2,0.05000000074506,0.0,0.0,4,10,500.0,0.04996921867132,0,0,0,0,0.0,0
,0.6000000238419,3,0.774938583374,0.7632268667221,3017.0,225,1,2239.0,1,43.77099990845,0.0,6,0.2248897403479,1,1,-1195000.0,2403100.0,0.0,14.64700031281,0.1210755109787,9.999999747379E-5,0.2004359960556,6.684000015259,0.09672398865223,2.0,.25,1.0,3.056034564972,0.5,1.74490916729,2,0.04852579161525,1.700000047684,1.700000047684,4,10,500.0,0.04840295016766,0,0,0,0,0.0,0
,0.6000000238419,3,0.6410368084908,0.6333817839622,2550.0,180,1,2368.0,1,43.7620010376,0.0,22,0.3526085913181,1,1,-1192000.0,2401700.0,0.0,14.27299976349,0.1731557548046,9.999999747379E-5,0.2004359960556,8.805000305176,0.09849806129932,2.0,.25,1.0,2.533186197281,0.5,1.404000043869,1,0.04975774884224,1.200000047684,1.200000047684,4,10,500.0,0.04975774884224,0,0,0,0,0.0,0
,0.6000000238419,3,0.9128571152687,0.8928120136261,2629.100097656,0,1,2259.0,1,43.74599838257,0.0,16,0.3118140101433,1,1,-1196000.0,2400500.0,0.0,14.54199981689,0.08473595231771,9.999999747379E-5,0.2004359960556,7.010000228882,0.09526316076517,2.0,.25,1.0,3.455904245377,0.5,1.884231209755,2,0.05000000074506,-1.700000047684,-1.700000047684,4,10,500.0,0.04822368174791,0,0,0,0,0.0,0
,0.6000000238419,3,0.9789335727692,0.8831750750542,1228.0,315,1,2126.0,1,43.7379989624,0.0,15,0.2008717656136,1,1,-1199000.0,2400000.0,0.0,14.99100017548,0.08710999041796,9.999999747379E-5,0.2004359960556,4.823999881744,0.08203218877316,2.0,.25,1.0,4.316716194153,1.0,2.271911382675,2,0.05000000074506,-1.0,-1.0,4,10,500.0,0.04360159859061,0,0,0,0,0.0,0
,0.6000000238419,3,0.5031423568726,0.413993448019,1509.699951172,270,1,2399.0,1,43.73899841309,0.0,26,0.4377300739288,1,1,-1190000.0,2398700.0,0.0,14.26700019836,0.3169351518154,9.999999747379E-5,0.2004359960556,9.305000305176,0.07970540225506,2.0,.25,1.0,2.232000112534,0.5,1.404000043869,1,0.04288052022457,0.0,0.0,4,10,500.0,0.04288052022457,0,0,0,0,0.0,0
,0.6000000238419,3,0.6383128166199,0.6383128166199,3617.5,0,1,2051.0,1,43.69599914551,0.0,14,0.1972624957561,1,1,-1219000.0,2398500.0,0.0,15.28400039673,0.1708189547062,9.999999747379E-5,0.2004359960556,3.59500002861,0.1000000014901,2.0,.25,1.0,5.058253765106,0.5,2.655270338058,2,0.05000000074506,-1.0,-1.0,4,10,500.0,0.05000000074506,0,0,0,0,0.0,0
,0.6000000238419,3,0.5973170995712,0.5452642440796,1215.699951172,45,1,2397.0,1,43.73099899292,0.0,30,0.5105903744698,1,1,-1190000.0,2397900.0,0.0,14.25399971008,0.2207413762808,9.999999747379E-5,0.2004359960556,9.274000167847,0.09380081295967,2.0,.25,1.0,2.49790263176,0.5,1.404000043869,1,0.05000000074506,-1.0,-1.0,4,10,500.0,0.05000000074506,0,0,0,0,0.0,0
,0.6000000238419,3,0.9048969745636,0.7301775217056,1559.199951172,270,1,2479.0,1,43.72399902344,0.0,12,0.2487747967243,1,1,-1197000.0,2398200.0,0.0,13.97799968719,0.1326489448547,9.999999747379E-5,0.2004359960556,10.61400032043,0.05955626070499,2.0,.25,1.0,3.986776590347,0.5,2.008412122726,2,0.05000000074506,0.0,0.0,4,10,500.0,0.03483359143138,0,0,0,0,0.0,0
,0.6000000238419,3,0.9563482999802,0.8511404395103,1759.300048828,315,1,2381.0,1,43.71500015259,0.0,11,0.2199212163687,1,1,-1198000.0,2397300.0,0.0,14.3079996109,0.09505858272314,9.999999747379E-5,0.2004359960556,9.005000114441,0.07674156874418,2.0,.25,1.0,4.41121339798,0.5,2.209601163864,2,0.05000000074506,-1.0,-1.0,4,10,500.0,0.04127809032798,0,0,0,0,0.0,0
,0.6000000238419,3,0.6747656464577,0.6747656464577,3162.800048828,180,1,2226.0,1,43.67100143433,0.0,17,0.3132367134094,1,1,-1221000.0,2396000.0,0.0,14.78600025177,0.1544950157404,9.999999747379E-5,0.2004359960556,6.465000152588,0.1000000014901,2.0,.25,1.0,3.908106803894,0.5,2.028937339783,2,0.05000000074506,1.200000047684,1.200000047684,4,10,500.0,0.05000000074506,0,0,0,0,0.0,0
,0.6000000238419,3,0.9579017162323,0.8463585972786,1860.599975586,315,1,2146.0,1,43.70600128174,0.0,11,0.2018276751041,1,1,-1200000.0,2396600.0,0.0,14.87600040436,0.0963621288538,9.999999747379E-5,0.2004359960556,5.155000209808,0.07535192370415,2.0,.25,1.0,4.777337551117,0.5,2.529316186905,2,0.05000000074506,-1.0,-1.0,4,10,500.0,0.040756970644,0,0,0,0,0.0,0
,0.6000000238419,3,0.7404930591583,0.7404930591583,2856.399902344,0,1,2290.0,1,43.6549987793,0.0,28,0.368664175272,1,1,-1220000.0,2394100.0,0.0,14.59200000763,0.1289023905993,9.999999747379E-5,0.2004359960556,7.519000053406,0.1000000014901,2.0,.25,1.0,3.242179632187,1.0,1.842516303062,2,0.05000000074506,-1.0,-1.0,4,10,500.0,0.05000000074506,0,0,0,0,0.0,0
,0.6000000238419,3,0.6126997470856,0.6126997470856,2041.0,90,1,2121.0,1,43.65399932861,0.0,20,0.2575362026691,1,1,-1217000.0,2393500.0,0.0,15.09099960327,0.183310046792,9.999999747379E-5,0.2004359960556,4.743999958038,0.1000000014901,2.0,.25,1.0,3.973031282425,1.0,1.994360685349,2,0.05000000074506,0.0,0.0,4,10,500.0,0.05000000074506,0,0,0,0,0.0,0
,0.6000000238419,3,0.8716198205948,0.7053220868111,2639.0,180,1,2293.0,1,43.68399810791,0.0,23,0.4052656888962,1,1,-1198000.0,2393800.0,0.0,14.55000019073,0.142142161727,9.999999747379E-5,0.2004359960556,7.559000015259,0.06458801031113,2.0,.25,1.0,4.183527946472,1.0,2.228865146637,2,0.04442884027958,1.200000047684,1.200000047684,4,10,500.0,0.03532771021128,0,0,0,0,0.0,0
,0.6000000238419,3,0.9226480722427,0.8478745818138,1418.300048828,315,1,2380.0,1,43.69200134277,0.0,11,0.2304187566042,1,1,-1200000.0,2395000.0,0.0,14.39599990845,0.09589204192162,9.999999747379E-5,0.2004359960556,8.989000320435,0.08313588052988,2.0,.25,1.0,4.315803527832,0.5,2.274260759354,2,0.05000000074506,-1.0,-1.0,4,10,500.0,0.04367595165968,0,0,0,0,0.0,0
,0.6000000238419,3,0.8698508143425,0.7774847745895,4306.899902344,315,1,2343.0,1,43.66999816895,0.0,11,0.3576709330082,1,1,-1199000.0,2392300.0,0.0,14.4329996109,0.1164747923613,9.999999747379E-5,0.2004359960556,8.385000228882,0.07965575903654,2.0,.25,1.0,3.357807159424,1.0,1.749015450478,1,0.0483648814261,-1.0,-1.0,4,10,500.0,0.04196213185787,0,0,0,0,0.0,0
,0.6000000238419,3,0.6256528496742,0.6256528496742,1551.699951172,90,1,2101.0,1,43.63800048828,0.0,27,0.2775368988514,1,1,-1218000.0,2391800.0,0.0,15.14900016785,0.1768828928471,9.999999747379E-5,0.2004359960556,4.408999919891,0.1000000014901,2.0,.25,1.0,3.785560369492,1.0,1.969452142715,2,0.05000000074506,0.0,0.0,4,10,500.0,0.05000000074506,0,0,0,0,0.0,0
,0.6000000238419,3,0.680622279644,0.680622279644,1707.400024414,45,1,2168.0,1,43.62599945068,0.0,31,0.2999620735645,1,1,-1218000.0,2390500.0,0.0,15.0030002594,0.1520218700171,9.999999747379E-5,0.2004359960556,5.510000228882,0.1000000014901,2.0,.25,1.0,3.657308101654,0.5,1.943999886513,2,0.05000000074506,-1.0,-1.0,4,10,500.0,0.05000000074506,0,0,0,0,0.0,0
,0.6000000238419,3,0.8828652501106,0.7807021141052,2604.399902344,225,1,2347.0,1,43.6430015564,0.0,12,0.3390698730946,1,1,-1201000.0,2389500.0,0.0,14.39700031281,0.1156252399087,9.999999747379E-5,0.2004359960556,8.460000038147,0.07715369015932,2.0,.25,1.0,4.073396682739,1.0,2.189578771591,2,0.05000000074506,1.700000047684,1.700000047684,4,10,500.0,0.04143263027072,0,0,0,0,0.0,0
,0.6000000238419,3,0.8535521626472,0.6855842471123,3387.699951172,0,1,2286.0,1,43.63199996948,0.0,11,0.3081615269184,1,1,-1202000.0,2388600.0,0.0,14.60900020599,0.1504695117474,9.999999747379E-5,0.2004359960556,7.448999881744,0.05897884070873,2.0,.25,1.0,4.668118000031,1.0,2.43921661377,2,0.05000000074506,-1.0,-1.0,4,10,500.0,0.03461705893278,0,0,0,0,0.0,0
,0.6000000238419,3,0.4356710016727,0.3626406788826,1141.599975586,45,1,2089.0,1,43.60900115967,0.0,13,0.2577067613602,1,1,-1217000.0,2388300.0,0.0,15.22900009155,0.3651087880135,9.999999747379E-5,0.2004359960556,4.215000152588,0.07077921181917,2.0,.25,1.0,3.149824380875,1.0,1.950486898422,2,0.03538959845901,-1.0,-1.0,4,10,500.0,0.03538959845901,0,0,0,0,0.0,0
,0.6000000238419,3,0.4132006466389,0.3612261116505,1551.699951172,45,1,2061.0,1,43.59000015259,0.0,9,0.2285077571869,1,1,-1217000.0,2386100.0,0.0,15.26900005341,0.3665346503258,9.999999747379E-5,0.2004359960556,3.765000104904,0.07929936051369,2.0,.25,1.0,3.18568444252,0.5,1.95354449749,2,0.03980891034007,-1.0,-1.0,4,10,500.0,0.03980891034007,0,0,0,0,0.0,0
,0.6000000238419,3,0.9746695160866,0.9401711821556,2915.699951172,315,1,2122.0,1,43.61199951172,0.0,12,0.1912446469069,1,1,-1206000.0,2386800.0,0.0,15.06799983978,0.07443416118622,9.999999747379E-5,0.2004359960556,4.760000228882,0.09206780046225,2.0,.25,1.0,4.669108390808,1.0,2.69371509552,2,0.04983050003648,-1.0,-1.0,4,10,500.0,0.04698304831982,0,0,0,0,0.0,0
,0.6000000238419,3,0.8583560585976,0.8353933095932,2720.5,180,1,2317.0,1,43.59999847412,0.0,22,0.3481361269951,1,1,-1202000.0,2385000.0,0.0,14.51399993896,0.09925439208746,9.999999747379E-5,0.2004359960556,7.953999996185,0.09405086189508,2.0,.25,1.0,4.502800941467,1.0,2.61168384552,2,0.04995457828045,1.200000047684,1.200000047684,4,10,500.0,0.04829246178269,0,0,0,0,0.0,0
,0.6000000238419,3,0.9926381111145,0.962273478508,1789.0,315,1,2165.0,1,43.5950012207,0.0,15,0.1985528320074,1,1,-1205000.0,2384900.0,0.0,14.96700000763,0.07003863155842,9.999999747379E-5,0.2004359960556,5.465000152588,0.09359116107225,2.0,.25,1.0,4.77382850647,1.0,2.720660209656,2,0.05000000074506,-1.0,-1.0,4,10,500.0,0.04759667813778,0,0,0,0,0.0,0
,0.6000000238419,3,0.693920135498,0.6823665499687,5137.200195313,0,1,2107.0,1,43.55699920654,0.0,16,0.2513537406921,1,1,-1211000.0,2381500.0,0.0,15.11699962616,0.1512989848852,9.999999747379E-5,0.2004359960556,4.513999938965,0.09670513868332,2.0,.25,1.0,3.287040233612,0.5,1.928463101387,2,0.0491582415998,-1.0,-1.0,4,10,500.0,0.04894179105759,0,0,0,0,0.0,0
,0.6000000238419,3,0.7787364721298,0.7780505418777,2737.800048828,0,1,2342.0,1,43.59000015259,0.0,28,0.3715856671333,1,1,-1202000.0,2383800.0,0.0,14.47200012207,0.1162297800183,9.999999747379E-5,0.2004359960556,8.380000114441,0.09981948882341,2.0,.25,1.0,3.609974622726,1.0,2.018404245377,1,0.04990974068642,-1.0,-1.0,4,10,500.0,0.04990974068642,0,0,0,0,0.0,0
,0.6000000238419,3,0.6351763010025,0.6232532262802,1541.900024414,135,1,2075.0,1,43.56499862671,0.0,17,0.1910880059004,1,1,-1217000.0,2383400.0,0.0,15.26799964905,0.1780563145876,9.999999747379E-5,0.2004359960556,4.0,0.09807691723108,2.0,.25,1.0,3.525576591492,1.0,1.943999886513,2,0.05000000074506,-1.0,-1.0,4,10,500.0,0.05000000074506,0,0,0,0,0.0,0
,0.6000000238419,3,0.715673327446,0.7141355276108,2844.100097656,270,1,2091.0,1,43.55500030518,0.0,21,0.2053800374269,1,1,-1215000.0,2382000.0,0.0,15.19299983978,0.1386123746634,9.999999747379E-5,0.2004359960556,4.25,0.09973935037851,2.0,.25,1.0,3.462943315506,1.0,1.943999886513,2,0.05000000074506,-1.0,-1.0,4,10,500.0,0.05000000074506,0,0,0,0,0.0,0
,0.6000000238419,3,0.7062826156616,0.7062826156616,3409.899902344,0,1,2354.0,1,43.55699920654,0.0,29,0.3668866753578,1,1,-1201000.0,2379800.0,0.0,14.38599967957,0.1416443735361,9.999999747379E-5,0.2004359960556,8.574000358582,0.1000000014901,2.0,.25,1.0,3.264043569565,1.0,1.763608694077,1,0.05000000074506,-1.0,-1.0,4,10,500.0,0.05000000074506,0,0,0,0,0.0,0
,0.6000000238419,3,0.6828434467316,0.6828434467316,3345.699951172,180,1,2339.0,1,43.56800079346,0.0,25,0.379858314991,1,1,-1201000.0,2381200.0,0.0,14.44900035858,0.1510943025351,9.999999747379E-5,0.2004359960556,8.3140001297,0.1000000014901,2.0,.25,1.0,3.374561309814,1.0,1.906511068344,1,0.05000000074506,1.200000047684,1.200000047684,4,10,500.0,0.05000000074506,0,0,0,0,0.0,0
,0.6000000238419,3,0.7710497379303,0.7710497379303,8991.900390625,45,1,2367.0,1,43.52500152588,0.0,31,0.3422738313675,1,1,-1206000.0,2377000.0,0.0,14.35700035095,0.1184936314821,9.999999747379E-5,0.2004359960556,8.774000167847,0.1000000014901,2.0,.25,1.0,3.48783993721,1.0,2.061808586121,2,0.05000000074506,-1.0,-1.0,4,10,500.0,0.05000000074506,0,0,0,0,0.0,0
,0.6000000238419,3,0.6494094729424,0.6494094729424,5732.700195313,225,1,2422.0,1,43.51399993896,0.0,19,0.3627035319805,1,1,-1202000.0,2375100.0,0.0,14.21399974823,0.1656750738621,9.999999747379E-5,0.2004359960556,9.675000190735,0.1000000014901,2.0,.25,1.0,4.059873104095,1.0,2.262130737305,2,0.05000000074506,1.700000047684,1.700000047684,4,10,500.0,0.05000000074506,0,0,0,0,0.0,0
,0.6000000238419,3,0.5209317803383,0.2601498663425,2572.300048828,225,1,1957.0,1,43.79199981689,0.0,6,0.02834169007838,1,1,-1201000.0,2406400.0,0.0,15.66100025177,0.4871367812157,9.999999747379E-5,0.2004359960556,2.055000066757,0.02376561053097,2.0,.25,1.0,3.570069074631,0.5,2.784752130508,2,0.03679154068232,1.700000047684,1.700000047684,4,10,500.0,0.02958692982793,0,0,0,0,0.0,0
,0.6000000238419,3,0.3051198422909,0.06199041008949,2577.199951172,270,1,1850.0,1,43.78300094604,0.0,5,0.01138127036393,1,1,-1209000.0,2406700.0,0.0,15.98799991608,0.8390078544617,9.999999747379E-5,0.2004359960556,0.3000000119209,0.019376790151,2.0,.25,1.0,2.164590597153,0.5,2.164590597153,2,0.02909874916077,0.0,0.0,4,10,500.0,0.02901246026158,0,0,0,0,0.0,0
,0.6000000238419,3,0.3783687353134,0.1083918884397,2559.899902344,270,1,1875.0,1,43.77500152588,0.0,5,0.01185297034681,1,1,-1207000.0,2405500.0,0.0,15.94299983978,0.7384033799171,9.999999747379E-5,0.2004359960556,0.7089999914169,0.01802122965455,2.0,.25,1.0,2.228073358536,0.5,2.178503990173,2,0.02939189039171,0.0,0.0,4,10,500.0,0.0290444009006,0,0,0,0,0.0,0
,0.6000000238419,3,0.3756057024002,0.08602374792099,1040.199951172,270,1,1836.0,1,43.77299880981,0.0,5,0.01049187965691,1,1,-1211000.0,2405900.0,0.0,16.05699920654,0.7862992882729,9.999999747379E-5,0.2004359960556,0.06400000303984,0.03235153853893,2.0,.25,1.0,2.203610658646,0.5,2.203610658646,2,0.0445368103683,0.0,0.0,4,10,500.0,0.0445368103683,0,0,0,0,0.0,0
,0.6000000238419,3,0.6677593588829,0.3981986939907,2238.699951172,315,1,1961.0,1,43.77600097656,0.0,2,0.03292559832335,1,1,-1200000.0,2404500.0,0.0,15.64700031281,0.3327672481537,9.999999747379E-5,0.2004359960556,2.118999958038,0.0410264916718,2.0,.25,1.0,3.902364015579,0.5,2.94707274437,2,0.04122516140342,-1.0,-1.0,4,10,500.0,0.03990066051483,0,0,0,0,0.0,0
,0.6000000238419,3,0.3218174576759,0.04585783183575,3059.0,90,1,1840.0,1,43.75,0.0,3,0.01714085973799,1,1,-1215000.0,2404000.0,0.0,16.04199981689,0.8759558796883,9.999999747379E-5,0.2004359960556,0.1350000053644,0.00825524982065,2.0,.25,1.0,2.938230991364,0.5,2.757416725159,2,0.01324716955423,0.0,0.0,4,10,500.0,0.01116316020489,0,0,0,0,0.0,0
,0.6000000238419,3,0.4785600602627,0.2107455730438,2797.100097656,270,1,1837.0,1,43.75799942017,0.0,5,0.009080469608307,1,1,-1210000.0,2404100.0,0.0,16.04700088501,0.5579472780228,9.999999747379E-5,0.2004359960556,0.09000000357628,0.02724380977452,2.0,.25,1.0,2.439604282379,0.5,2.22700715065,2,0.04151942953467,0.0,0.0,4,10,500.0,0.03984982147813,0,0,0,0,0.0,0
,0.6000000238419,3,0.4902506768703,0.2120209336281,8969.700195313,270,1,1880.0,1,43.75099945068,0.0,5,0.01352643035352,1,1,-1206000.0,2402600.0,0.0,15.89700031281,0.5556372404099,9.999999747379E-5,0.2004359960556,0.785000026226,0.02337740920484,2.0,.25,1.0,2.991791009903,0.5,2.22847700119,2,0.03338842093945,0.0,0.0,4,10,500.0,0.02441322058439,0,0,0,0,0.0,0
,0.6000000238419,3,0.31656691432,0.0941795706749,2807.0,90,1,1849.0,1,43.72700119019,0.0,3,0.03984339907765,1,1,-1216000.0,2401400.0,0.0,15.97900009155,0.7664020657539,9.999999747379E-5,0.2004359960556,0.2800000011921,0.02494717948139,2.0,.25,1.0,3.03498840332,0.5,2.785983085632,2,0.02935739047825,0.0,0.0,4,10,500.0,0.02737675979733,0,0,0,0,0.0,0
,0.6000000238419,3,0.4569283127785,0.1080614328384,2172.0,225,1,1922.0,1,43.73600006104,0.0,6,0.02147543057799,1,1,-1202000.0,2400300.0,0.0,15.77000045776,0.7371435165405,9.999999747379E-5,0.2004359960556,1.475000023842,0.02853241935372,2.0,.25,1.0,2.745392560959,0.5,2.144477844238,2,0.03532423079014,1.700000047684,1.700000047684,4,10,500.0,0.03027302958071,0,0,0,0,0.0,0
,0.6000000238419,3,0.5571804046631,0.2457132637501,2068.199951172,225,1,1913.0,1,43.72399902344,0.0,6,0.02880253084004,1,1,-1202000.0,2399000.0,0.0,15.78600025177,0.5080847740173,9.999999747379E-5,0.2004359960556,1.335000038147,0.02001193910837,2.0,.25,1.0,3.151505231857,0.5,2.22397851944,2,0.03673835098743,1.700000047684,1.700000047684,4,10,500.0,0.01913977973163,0,0,0,0,0.0,0
,0.6000000238419,3,0.645355463028,0.3233436048031,2085.5,270,1,1832.0,1,43.72299957275,0.0,5,0.005559240002185,1,1,-1211000.0,2400200.0,0.0,16.05900001526,0.4082888066769,9.999999747379E-5,0.2004359960556,0.0,0.02907581999898,2.0,.25,1.0,3.43400144577,0.5,2.238312959671,2,0.0257701408118,0.0,0.0,4,10,500.0,0.01734597049654,0,0,0,0,0.0,0
,0.6000000238419,3,0.3465915620327,0.1635670959949,2522.800048828,45,1,1857.0,1,43.70399856567,0.0,4,0.05629301071167,1,1,-1216000.0,2398900.0,0.0,15.95699977875,0.6328214406967,9.999999747379E-5,0.2004359960556,0.4090000092983,0.03306562080979,2.0,.25,1.0,4.080772399902,0.5,2.870691299438,2,0.02311458997428,-1.0,-1.0,4,10,500.0,0.01817825064063,0,0,0,0,0.0,0
,0.6000000238419,3,0.4682335555553,0.1183101013303,2517.899902344,270,1,1858.0,1,43.72299957275,0.0,5,0.01088923960924,1,1,-1207000.0,2399700.0,0.0,15.98099994659,0.7199497818947,9.999999747379E-5,0.2004359960556,0.4390000104904,0.01245338004082,2.0,.25,1.0,3.09147810936,0.5,2.198057889938,2,0.02355249971151,0.0,0.0,4,10,500.0,0.01466143038124,0,0,0,0,0.0,0
,0.6000000238419,0,0.0,0.0,1376.300048828,45,1,1843.0,1,43.70299911499,0.0,7,0.0138595001772,1,1,-1214000.0,2398400.0,0.0,16.02799987793,0.9586106538773,9.999999747379E-5,0.2004359960556,0.1800000071526,0.001400350010954,2.0,.25,1.0,3.094044685364,0.5,2.853517055511,2,0.002064629923552,-1.0,-1.0,4,10,500.0,0.001041290001012,0,0,0,0,0.0,0
,0.6000000238419,2,0.5019263029099,0.2248207628727,1475.099975586,270,1,1840.0,1,43.70700073242,0.0,5,0.006949550006539,1,1,-1209000.0,2398100.0,0.0,16.04000091553,0.9566333889961,9.999999747379E-5,0.2004359960556,0.140000000596,0.02906196936965,2.0,.25,1.0,2.482748985291,0.5,2.213638305664,2,0.02981574088335,0.0,0.0,4,10,500.0,0.02906196936965,0,0,0,0,0.0,0
,0.6000000238419,2,0.4603264927864,0.09763602167368,2043.5,90,1,1842.0,1,43.68899917603,0.0,3,0.01643976010382,1,1,-1213000.0,2396800.0,0.0,16.02400016785,0.9352189302444,9.999999747379E-5,0.2004359960556,0.1739999949932,0.0168319195509,2.0,.25,1.0,2.769116163254,0.5,2.696474075317,2,0.01698911003768,0.0,0.0,4,10,500.0,0.0158645696938,0,0,0,0,0.0,0
,0.6000000238419,3,0.4303404390812,0.2056539058685,1742.0,0,1,1908.0,1,43.70199966431,0.0,4,0.02712588943541,1,1,-1204000.0,2396700.0,0.0,15.8140001297,0.5665821433067,9.999999747379E-5,0.2004359960556,1.25,0.01818438991904,2.0,.25,1.0,2.7081990242,0.5,2.181176424026,2,0.03439715877175,-1.700000047684,-1.700000047684,4,10,500.0,0.02486523985863,0,0,0,0,0.0,0
,0.6000000238419,3,0.4136137664318,0.06853249669075,5169.299804688,315,1,1874.0,1,43.68999862671,0.0,2,0.01734310016036,1,1,-1207000.0,2395800.0,0.0,15.91199970245,0.822479724884,9.999999747379E-5,0.2004359960556,0.6990000009537,0.007222750224173,2.0,.25,1.0,2.573143959045,0.5,2.172983646393,2,0.01250000018626,-1.0,-1.0,4,10,500.0,0.008212230168283,0,0,0,0,0.0,0
,0.6000000238419,3,0.5970686674118,0.1918627172709,2663.699951172,270,1,1842.0,1,43.67599868774,0.0,5,0.0142571600154,1,1,-1209000.0,2394600.0,0.0,15.98799991608,0.5870288610458,9.999999747379E-5,0.2004359960556,0.1650000065565,0.02479591034353,2.0,.25,1.0,3.01279592514,0.5,2.206978797913,2,0.03886827081442,0.0,0.0,4,10,500.0,0.02726344950497,0,0,0,0,0.0,0
,0.6000000238419,3,0.3989579081535,0.2025231271982,3580.399902344,90,1,1855.0,1,43.65599822998,0.0,10,0.06416933238506,1,1,-1215000.0,2393300.0,0.0,15.94499969482,0.5682366490364,9.999999747379E-5,0.2004359960556,0.3840000033379,0.044099368155,2.0,.25,1.0,3.479533910751,0.5,2.652440786362,2,0.0260524507612,0.0,0.0,4,10,500.0,0.02512077055871,0,0,0,0,0.0,0
,0.6000000238419,3,0.5259264111519,0.1204520314932,1880.400024414,315,1,1832.0,1,43.65700149536,0.0,2,0.007959069684148,1,1,-1211000.0,2392900.0,0.0,16.05400085449,0.7138363718987,9.999999747379E-5,0.2004359960556,0.0,0.01440209988505,2.0,.25,1.0,2.76062297821,0.5,2.252152442932,2,0.01852824911475,0.0,0.0,4,10,500.0,0.01249670982361,0,0,0,0,0.0,0
,0.6000000238419,3,0.579094350338,0.2633245289326,1309.599975586,270,1,1874.0,1,43.66600036621,0.0,5,0.02769967913628,1,1,-1208000.0,2393300.0,0.0,15.89999961853,0.4818621575832,9.999999747379E-5,0.2004359960556,0.6890000104904,0.03054716065526,2.0,.25,1.0,3.061816930771,0.5,2.234988689423,2,0.02990566007793,0.0,0.0,4,10,500.0,0.02175471000373,0,0,0,0,0.0,0
,0.6000000238419,3,0.6136603951454,0.3428702950478,2896.0,315,1,1908.0,1,43.65700149536,0.0,2,0.04227286949754,1,1,-1207000.0,2392100.0,0.0,15.80500030518,0.3876532018185,9.999999747379E-5,0.2004359960556,1.25,0.02977815084159,2.0,.25,1.0,3.439681768417,0.5,2.263768672943,2,0.03152729943395,-1.0,-1.0,4,10,500.0,0.01988054066896,0,0,0,0,0.0,0
,0.6000000238419,3,0.5441100597382,0.1406488716602,3054.100097656,270,1,1860.0,1,43.63999938965,0.0,5,0.01818116940558,1,1,-1209000.0,2390600.0,0.0,15.94999980927,0.6737205982208,9.999999747379E-5,0.2004359960556,0.4690000116825,0.0150566296652,2.0,.25,1.0,2.499055862427,0.5,2.218711137772,2,0.01104367990047,0.0,0.0,4,10,500.0,0.008786399848759,0,0,0,0,0.0,0
,0.6000000238419,3,0.548713862896,0.1227564737201,3246.800048828,315,1,1853.0,1,43.61399841309,0.0,2,0.01132167968899,1,1,-1211000.0,2388000.0,0.0,15.97999954224,0.708173930645,9.999999747379E-5,0.2004359960556,0.3400000035763,0.01235159020871,2.0,.25,1.0,2.478121042252,0.5,2.186465740204,2,0.01069253962487,-1.0,-1.0,4,10,500.0,0.008089800365269,0,0,0,0,0.0,0
,0.6000000238419,3,0.4048432707787,0.2563416957855,1576.400024414,90,1,1846.0,1,43.62099838257,0.0,3,0.02739951014519,1,1,-1215000.0,2389300.0,0.0,16.01399993896,0.4894334673882,9.999999747379E-5,0.2004359960556,0.2339999973774,0.06175547838211,2.0,.25,1.0,3.634448289871,0.5,2.604949951172,2,0.03119122050703,0.0,0.0,4,10,500.0,0.03095610998571,0,0,0,0,0.0,0
,0.6000000238419,3,0.5019626021385,0.1486010104418,3437.100097656,315,1,1875.0,1,43.61800003052,0.0,2,0.01407979987562,1,1,-1209000.0,2388000.0,0.0,15.9329996109,0.659261405468,9.999999747379E-5,0.2004359960556,0.7039999961853,0.01426311954856,2.0,.25,1.0,2.423411130905,0.5,2.155645608902,2,0.009489569813013,-1.0,-1.0,4,10,500.0,0.007721059955657,0,0,0,0,0.0,0
,0.6000000238419,2,0.3250676691532,0.04271579161286,1643.199951172,90,1,1852.0,1,43.59799957275,0.0,3,0.04008340090513,1,1,-1214000.0,2386700.0,0.0,15.97700023651,0.8504977822304,9.999999747379E-5,0.2004359960556,0.3350000083447,0.02300751022995,2.0,.25,1.0,2.548867702484,0.5,2.333490133286,2,0.01691729016602,0.0,0.0,4,10,500.0,0.01691729016602,0,0,0,0,0.0,0
,0.6000000238419,2,0.291840672493,0.04248461127281,4497.200195313,270,1,1877.0,1,43.58399963379,0.0,5,0.02324078045785,1,1,-1211000.0,2384600.0,0.0,15.90900039673,0.8759340047836,9.999999747379E-5,0.2004359960556,0.7400000095367,0.02097802050412,2.0,.25,1.0,2.206546068192,0.5,2.091253757477,2,0.01739010028541,-1.0,-1.0,4,10,500.0,0.01658241078258,0,0,0,0,0.0,0
,0.6000000238419,3,0.3743694424629,0.2079253941774,2782.300048828,225,1,2842.0,1,43.80899810791,0.0,12,0.371622800827,1,1,-1188000.0,2406300.0,0.0,12.71500015259,0.5597764849663,9.999999747379E-5,0.2004359960556,16.56900024414,0.05073712021112,2.0,.25,1.0,1.924273610115,0.5,1.398676753044,1,0.03365897014737,1.700000047684,1.700000047684,4,10,500.0,0.03365897014737,0,0,0,0,0.0,0
,0.6000000238419,3,0.3828741312027,0.2200237810612,3533.5,315,1,2799.0,1,43.78300094604,0.0,11,0.3874568641186,1,1,-1189000.0,2403600.0,0.0,12.86699962616,0.5413039922714,9.999999747379E-5,0.2004359960556,15.85900020599,0.06234965100884,2.0,.25,1.0,1.859891057014,0.5,1.404000043869,1,0.04293705895543,-1.0,-1.0,4,10,500.0,0.04293705895543,0,0,0,0,0.0,0
,0.6000000238419,3,0.3806567788124,0.2339999973774,2332.600097656,315,1,2842.0,1,43.76399993896,0.0,18,0.4090997576714,1,1,-1187000.0,2401100.0,0.0,12.83300018311,0.520757317543,9.999999747379E-5,0.2004359960556,16.57900047302,0.05295550078154,2.0,.25,1.0,1.924989461899,0.5,1.402236223221,1,0.02775423042476,-1.0,-1.0,4,10,500.0,0.02775423042476,0,0,0,0,0.0,0
,0.6000000238419,3,0.2754925489426,0.08305142074823,5142.100097656,270,1,2935.0,1,43.72200012207,0.0,12,0.3343254625797,1,1,-1187000.0,2396400.0,0.0,12.45499992371,0.7888526916504,9.999999747379E-5,0.2004359960556,18.10400009155,0.04819798097014,2.0,.25,1.0,1.625726103783,0.5,1.400639653206,1,0.03685728088021,0.0,0.0,4,10,500.0,0.03685728088021,0,0,0,0,0.0,0
,0.6000000238419,3,0.5446399450302,0.5000523924828,3019.5,270,1,2776.0,1,43.7260017395,0.0,12,0.3353707492352,1,1,-1194000.0,2397800.0,0.0,13.05700016022,0.2500857114792,9.999999747379E-5,0.2004359960556,15.48400020599,0.08780687302351,2.0,.25,1.0,2.496520519257,0.5,1.433047533035,1,0.04472175985575,0.0,0.0,4,10,500.0,0.04410801827908,0,0,0,0,0.0,0
,0.6000000238419,3,0.5182185173035,0.4494293630123,3550.800048828,45,1,2874.0,1,43.70899963379,0.0,11,0.4014209806919,1,1,-1190000.0,2395300.0,0.0,12.65499973297,0.2874521911144,9.999999747379E-5,0.2004359960556,17.10400009155,0.09046625345945,2.0,.25,1.0,2.381699562073,0.5,1.402377963066,1,0.05000000074506,-1.0,-1.0,4,10,500.0,0.05000000074506,0,0,0,0,0.0,0
,0.6000000238419,3,0.4556575715542,0.2815235853195,2987.399902344,180,1,2808.0,1,43.69900131226,0.0,11,0.3422498106956,1,1,-1194000.0,2394800.0,0.0,12.80099964142,0.4573056995869,9.999999747379E-5,0.2004359960556,16.02000045776,0.04588089138269,2.0,.25,1.0,2.200476408005,0.5,1.561786651611,1,0.03052108921111,1.200000047684,1.200000047684,4,10,500.0,0.02578162960708,0,0,0,0,0.0,0
,0.6000000238419,3,0.4490679204464,0.3171666562557,6256.5,315,1,2855.0,1,43.66600036621,0.0,11,0.3347457051277,1,1,-1194000.0,2391200.0,0.0,12.71199989319,0.4147508740425,9.999999747379E-5,0.2004359960556,16.78400039673,0.05795418098569,2.0,.25,1.0,2.177531003952,0.5,1.404000043869,1,0.04139019921422,-1.0,-1.0,4,10,500.0,0.03652052953839,0,0,0,0,0.0,0
,0.6000000238419,3,0.5831616520882,0.4234477877617,1727.199951172,180,1,2769.0,1,43.64500045776,0.0,24,0.4339985251427,1,1,-1197000.0,2389100.0,0.0,12.90900039673,0.3096386194229,9.999999747379E-5,0.2004359960556,15.36900043488,0.05985694006085,2.0,.25,1.0,2.406952857971,0.5,1.404000043869,1,0.04520744085312,1.200000047684,1.200000047684,4,10,500.0,0.03520743176341,0,0,0,0,0.0,0
,0.6000000238419,3,0.429229080677,0.2981828153133,2243.600097656,315,1,2806.0,1,43.63000106812,0.0,11,0.35113671422,1,1,-1196000.0,2387300.0,0.0,12.85700035095,0.4372496008873,9.999999747379E-5,0.2004359960556,15.98900032043,0.05382157862186,2.0,.25,1.0,2.090537548065,0.5,1.404000043869,1,0.03854624927044,-1.0,-1.0,4,10,500.0,0.03494492918253,0,0,0,0,0.0,0
,0.6000000238419,3,0.3899999856949,0.2263257652521,1304.599975586,180,1,2768.0,1,43.61700057983,0.0,23,0.3808455169201,1,1,-1198000.0,2386200.0,0.0,12.92399978638,0.5331346392632,9.999999747379E-5,0.2004359960556,15.35900020599,0.04458333179355,2.0,.25,1.0,1.910591006279,0.5,1.431272745132,1,0.0476325713098,1.200000047684,1.200000047684,4,10,500.0,0.04251892864704,0,0,0,0,0.0,0
,0.6000000238419,3,0.5284802913666,0.2954872250557,2130.0,315,1,2785.0,1,43.5950012207,0.0,15,0.4279434382915,1,1,-1198000.0,2383700.0,0.0,12.86400032043,0.4393212497234,9.999999747379E-5,0.2004359960556,15.64000034332,0.05591646954417,2.0,.25,1.0,2.18798160553,0.5,1.404000043869,1,0.02958236075938,-1.0,-1.0,4,10,500.0,0.02958236075938,0,0,0,0,0.0,0
,0.6000000238419,3,0.5207327008247,0.4577536284924,3068.899902344,180,1,2819.0,1,43.58100128174,0.0,21,0.3537428677082,1,1,-1198000.0,2382100.0,0.0,12.82400035858,0.2809339761734,9.999999747379E-5,0.2004359960556,16.20000076294,0.08619161695242,2.0,.25,1.0,2.364115953445,0.5,1.404000043869,1,0.04428340867162,0.0,0.0,4,10,500.0,0.04428340867162,0,0,0,0,0.0,0
,0.6000000238419,3,0.5975087881088,0.592502951622,4205.600097656,315,1,2788.0,1,43.55899810791,0.0,15,0.380071669817,1,1,-1197000.0,2379500.0,0.0,12.87399959564,0.1938476264477,9.999999747379E-5,0.2004359960556,15.68000030518,0.09807284921408,2.0,.25,1.0,2.613045930862,0.5,1.404000043869,1,0.05000000074506,-1.0,-1.0,4,10,500.0,0.05000000074506,0,0,0,0,0.0,0
,0.6000000238419,3,0.5532754659653,0.5532754659653,2134.899902344,270,1,2788.0,1,43.5239982605,0.0,21,0.4322704076767,1,1,-1199000.0,2375900.0,0.0,12.89400005341,0.2159220725298,9.999999747379E-5,0.2004359960556,15.6890001297,0.1000000014901,2.0,.25,1.0,2.980003595352,0.5,1.606854200363,1,0.05000000074506,0.0,0.0,4,10,500.0,0.05000000074506,0,0,0,0,0.0,0


@T,nmonths
description,Parameter bound by 'nmonths'
len,12
@H,adjmix_rain,adjust_rain,adjust_snow,cecn_coef,dday_intcp,dday_slope,epan_coef,jh_coef,mo_corr_rain,mo_corr_snow,ppt_rad_adj,rain_code,tmax_allrain,tmax_index,tstorm_mo
,0.001061776769347,0.0,-.1,0.7823296189308,4.927934646606,0.8335162401199,1.0,0.02,0.0,0.0,0.01999999955297,5,60.64515304565,65.49548339844,0
,0.09815946221352,0.0,-.1,0.7823296189308,7.065951347351,0.7854049801826,1.0,0.02,0.0,0.0,0.01999999955297,5,60.64515304565,67.38422393799,0
,0.1952571570873,0.0,-.1,0.7823296189308,6.075609207153,0.7937625646591,1.0,0.02,0.0,0.0,0.01999999955297,5,60.64515304565,58.61507034302,0
,0.1952571570873,0.0,-.1,0.7823296189308,-8.51921749115,0.5563226938248,1.0,0.014,0.0,0.0,0.01999999955297,5,70.69892120361,58.3878288269,0
,0.2923548519611,0.0,-.1,0.7823296189308,6.125792980194,0.4160843789577,1.0,0.014,0.0,0.0,0.01999999955297,5,70.69892120361,64.73949432373,1
,0.6807456016541,0.0,-.1,0.7823296189308,-28.1388092041,0.8106123805046,1.0,0.014,0.0,0.0,0.01999999955297,5,70.69892120361,75.22733306885,1
,0.6807456016541,0.0,-.1,0.7823296189308,-34.03345870972,0.4907147288322,1.0,0.014,0.0,0.0,0.01999999955297,5,70.69892120361,69.75260162354,1
,0.6807456016541,0.0,-.1,0.7823296189308,-5.374113082886,0.443930208683,1.0,0.014,0.0,0.0,0.01999999955297,5,70.69892120361,87.45098114014,1
,0.6807456016541,0.0,-.1,0.7823296189308,2.670383453369,0.4667965769768,1.0,0.014,0.0,0.0,0.01999999955297,5,70.69892120361,89.52606964111,1
,0.1952571570873,0.0,-.1,0.7823296189308,-8.397868156433,0.6038672924042,1.0,0.014,0.0,0.0,0.01999999955297,5,60.64515304565,57.46740341187,0
,0.09815946221352,0.0,-.1,0.7823296189308,7.714122772217,0.6399235725403,1.0,0.02,0.0,0.0,0.01999999955297,5,60.64515304565,50.49987411499,0
,0.001061776769347,0.0,-.1,0.7823296189308,8.889216423035,0.8081341385841,1.0,0.02,0.0,0.0,0.01999999955297,5,60.64515304565,62.04103851318,0

@T,nrain
description,Parameter bound by 'nrain'
len,18
@H,psta_elev,psta_x,psta_y,psta_nuse,psta_freq_nuse
,1589.0,-1214647.8,2436811.0,1,1
,1641.0,-1222455.7,2359801.6,0,0
,1776.0,-1267760.1,2366755.0,1,1
,1634.0,-1226911.4,2371235.1,1,1
,1865.0,-1207432.0,2400404.4,1,1
,1526.0,-1259572.9,2417749.4,1,1
,1881.0,-1218210.5,2416361.5,1,1
,1509.0,-1250577.1,2434464.4,1,1
,1972.0,-1177336.7,2387137.9,1,1
,2098.0,-1165128.0,2439199.5,1,1
,2048.0,-1218135.9,2383977.5,1,1
,2003.0,-1262544.0,2350460.9,1,1
,2393.0,-1296720.9,2278637.3,1,1
,2073.0,-1240926.4,2317824.4,1,1
,2214.0,-1178532.9,2440483.3,1,1
,2499.0,-1195149.6,2374595.9,1,1
,2109.0,-1165386.2,2439271.2,1,1
,2393.0,-1163883.1,2447497.7,1,1


@T,nssr
description,Parameter bound by 'nssr'
len,1
@H,ssr2gw_exp,ssr2gw_rate,ssr_gwres,ssrcoef_lin,ssrcoef_sq,ssrmax_coef,ssstor_init
,1.0,0.004999999888241,1,0.05000000074506,0.01497533824295,1.0,0.0


@T,ntemp
description,Parameter bound by 'ntemp'
len,18
@H,tsta_elev,tsta_x,tsta_y,tsta_nuse
,1589.0,-1214647.8,2436811.0,1
,1641.0,-1222455.7,2359801.6,1
,1776.0,-1267760.1,2366755.0,1
,1634.0,-1226911.4,2371235.1,1
,1865.0,-1207432.0,2400404.4,1
,1526.0,-1259572.9,2417749.4,1
,1881.0,-1218210.5,2416361.5,1
,1509.0,-1250577.1,2434464.4,1
,1972.0,-1177336.7,2387137.9,1
,2098.0,-1165128.0,2439199.5,1
,2048.0,-1218135.9,2383977.5,1
,2003.0,-1262544.0,2350460.9,1
,2393.0,-1296720.9,2278637.3,1
,2073.0,-1240926.4,2317824.4,1
,2214.0,-1178532.9,2440483.3,1
,2499.0,-1195149.6,2374595.9,1
,2109.0,-1165386.2,2439271.2,1
,2393.0,-1163883.1,2447497.7,1


@T,snarea_curve
bound,"ndepl,ndeplval"
len,"2,11"
@H,0,1,2,3,4,5,6,7,8,9,10
,0.05000000074506,0.2399999946356,0.4000000059605,0.5299999713898,0.6499999761581,0.75,0.8199999928474,0.8799999952316,0.9300000071526,0.9900000095367,1.0
,0.05000000074506,0.25,0.4000000059605,0.4799999892712,0.5400000214577,0.5799999833107,0.6100000143051,0.6399999856949,0.660000026226,0.6800000071526,0.6999999880791


@T,tsta_month_max
bound,"nmonths, ntemp"
len,"12,18"
@H,0,1,2,3,4,5,6,7,8,9,10,11,12,13,14,15,16,17
,-1.2931,30.9872,-1.1503,-1.1731,-1.2180,-1.2262,-1.2861,-1.3019,-1.4019,-1.3988,-1.2404,-1.2367,-1.2645,-1.1642,-1.4510,-1.4357,-1.3445,-1.4190
,-1.0986,33.6528,-0.9782,-0.9563,-1.0576,-1.0620,-1.1394,-1.0857,-1.1773,-1.1834,-1.0333,-1.0013,-1.0984,-0.9500,-1.1930,-1.2510,-1.0684,-1.1820
,-0.5848,45.6909,-0.5133,-0.4017,-0.5807,-0.3166,-0.6508,-0.4865,-0.6503,-0.7217,-0.5693,-0.5219,-0.6688,-0.5508,-0.7313,-0.7913,-0.6183,-0.7690
,0.0727,56.2895,0.0223,0.2356,0.0051,0.2680,-0.0593,0.2114,-0.1001,-0.3154,-0.1435,-0.0774,-0.2896,-0.1840,-0.3207,-0.3356,-0.2372,-0.3603
,0.6514,65.5096,0.5599,0.7275,0.5426,0.7576,0.5046,0.7120,0.4962,0.2325,0.3656,0.4280,0.1992,0.2971,0.1445,0.1314,0.2738,0.0791
,1.1134,74.3828,1.0168,1.2255,1.0121,74.4095,0.9701,1.1705,1.0024,0.7866,0.8705,0.9330,0.7547,0.7838,0.6143,0.5819,0.7736,0.4860
,1.6493,85.4096,1.5879,1.7905,1.5090,1.7267,1.5044,1.7208,1.5622,1.3596,1.4740,1.5138,1.3739,1.3504,1.1897,1.1470,1.3289,1.0349
,1.6264,76.4809,1.5104,1.7450,1.4643,1.7506,1.4723,1.6742,1.5111,1.3143,1.4313,1.4487,1.2804,1.3121,1.1456,1.0624,1.2989,0.9902
,1.0851,61.7695,0.9997,1.1909,0.9409,1.1982,0.9560,1.1272,0.9600,0.7802,0.8381,0.8659,0.6742,0.7528,0.5602,0.4682,0.7260,0.4484
,0.3514,54.6452,0.2735,0.4453,0.2368,0.4183,0.2378,0.3836,0.2232,0.0069,0.0168,0.0494,-0.1259,-0.0202,-0.2160,-0.3289,-0.0789,-0.2681
,-0.7204,40.7344,-0.6555,-0.5930,-0.6929,41.7571,-0.7643,-0.6328,-0.7980,-0.9473,-0.8843,-0.8702,-0.9631,-0.8479,-1.0856,-1.1353,-0.9446,-1.0951
,-1.2991,32.0585,-1.1848,-1.2097,-1.2534,30.4306,28.3677,-1.2566,-1.4575,-1.4588,-1.3105,-1.3257,-1.3375,-1.2737,-1.5292,-1.5344,-1.4271,-1.4917


@T,tsta_month_min
bound,"nmonths, ntemp"
len,"12,18"
@H,0,1,2,3,4,5,6,7,8,9,10,11,12,13,14,15,16,17
,-1.0976,12.5171,-0.9763,-1.0012,-1.1838,-1.1305,-1.4198,-1.3262,-1.8727,-1.9320,-0.9632,-0.9087,-0.8049,-1.0131,-1.4752,-1.1260,-1.6169,-1.2296
,-0.9243,13.4444,-0.9624,-0.9332,-1.1360,-1.0129,-1.4058,-1.2456,-1.8069,-1.9962,-0.9605,-0.8993,-0.7931,-1.0176,-1.5534,-1.1380,-1.6197,-1.2404
,-0.2938,23.2674,-0.3077,-0.2973,-0.4648,-0.2310,-0.6284,-0.5722,-0.9970,-1.2917,-0.5043,-0.4044,-0.4091,-0.5508,-1.0392,-0.6892,-0.9750,-0.7598
,0.3054,31.3120,0.1753,0.1977,0.1181,0.3018,0.0321,0.0684,-0.2280,-0.5464,-0.0371,0.0729,0.0069,-0.0297,-0.4589,-0.2200,-0.3170,-0.2664
,0.8472,38.5423,0.6831,0.7111,0.6109,0.9203,0.5573,0.6175,0.3616,0.0870,0.5262,0.6588,0.5977,0.5441,0.1044,0.3482,0.2223,0.3588
,1.2273,44.6031,1.0875,1.1579,1.0520,44.5952,0.9807,1.0689,0.8013,0.5319,0.9721,1.1394,1.1541,0.9826,0.5507,0.8497,0.6378,0.8870
,1.6094,53.3727,1.5521,1.5239,1.5082,1.6975,1.4149,1.4637,1.1440,0.8209,1.5150,1.7317,1.8665,1.4973,0.9918,1.4411,0.9557,1.4582
,1.4490,49.7937,1.4544,1.4439,1.3849,1.5279,1.3052,1.3357,0.9908,0.6044,1.4631,1.6338,1.7764,1.4475,0.8657,1.3520,0.8020,1.3647
,0.9607,43.1174,0.8681,0.9032,0.8392,0.9583,0.7095,0.7587,0.4370,0.0269,0.9056,1.0108,1.1600,0.8548,0.3435,0.8012,0.2752,0.7914
,0.2685,34.1084,0.2106,0.2570,0.1616,0.2925,0.0599,0.0822,-0.2449,-0.5160,0.2128,0.3191,0.3673,0.1372,-0.2344,0.1413,-0.2739,0.0999
,-0.4754,22.7656,-0.5333,-0.4166,-0.6030,20.2014,-0.7456,-0.6984,-1.0713,-1.3211,-0.5773,-0.5179,-0.4606,-0.6301,-1.0516,-0.7403,-1.0598,-0.7607
,-1.1100,16.6061,-1.0933,-1.0243,-1.2537,11.5486,8.2118,-1.3117,-1.8949,-2.0352,-1.0499,-1.0085,-0.8658,-1.1073,-1.6023,-1.2008,-1.7145,-1.2766


@T,psta_month_ppt
bound,"nmonths, nrain"
len,"12,18"
@H,0,1,2,3,4,5,6,7,8,9,10,11,12,13,14,15,16,17
,0.0134,0.0569,-0.4778,-0.4765,-0.7210,-0.7242,0.3984,-0.5453,0.3931,1.1749,1.4061,0.8108,1.3636,0.6677,3.6018,2.3725,1.5850,3.1495
,-0.6614,0.0615,-0.9527,-0.7879,-0.9866,-0.9431,-0.6275,-0.9799,-0.0542,0.4756,0.5973,0.1981,0.8903,0.0495,2.2151,1.5611,0.8129,2.2363
,-0.6245,0.0807,-0.7317,-0.5154,-0.8992,-0.8735,-0.4153,-0.8550,-0.4401,0.1209,0.5672,0.1033,1.0079,-0.0010,1.9589,1.3094,0.3530,2.0555
,-0.5700,0.0604,-0.6867,-0.2975,-0.5723,-0.8096,-0.4443,-0.5375,-0.5186,0.2458,0.4569,-0.0823,0.7565,0.0095,1.7072,0.9123,0.6223,1.5634
,-0.0642,0.0673,-0.1653,0.2421,-0.2600,-0.4693,0.2562,-0.0998,-0.1184,0.3294,0.7257,0.2928,0.6368,0.2618,1.4602,0.7644,0.5372,1.2669
,-0.3699,0.0457,-0.6395,-0.3340,-0.7047,0.0503,-0.1800,-0.3216,-0.2875,0.1432,-0.0664,-0.7654,-0.4658,-0.3660,0.5608,0.1653,0.0894,0.3011
,-1.0970,0.0823,-0.9946,-0.7134,-0.9672,-1.1291,-0.9549,-1.1074,-0.7439,-0.5596,-0.7780,-1.1376,-1.0912,-1.0023,-0.7510,-0.7703,-0.6866,-0.8167
,-1.0720,0.0348,-1.0415,-0.7712,-0.9159,-1.1674,-0.9238,-1.1189,-0.6968,-0.5156,-0.4263,-1.0602,-0.7935,-0.8786,-0.6775,-0.6273,-0.5720,-0.6427
,-0.8801,0.0226,-0.8297,-0.5421,-0.8547,-1.0728,-0.6292,-0.9989,-0.5325,-0.4346,-0.4296,-0.7850,-0.4544,-0.7354,-0.1899,-0.2767,-0.4374,-0.3346
,-0.6097,0.0315,-0.8468,-0.5126,-0.7702,-0.8428,-0.5633,-0.8979,-0.7236,-0.1825,-0.2137,-0.6273,-0.2910,-0.3992,0.5208,-0.1402,0.0419,0.4744
,-0.3319,0.0550,-0.5819,-0.4292,-0.8373,0.0326,-0.2797,-0.6417,0.0025,1.0490,1.1680,0.2772,0.7126,0.4409,2.9256,1.8870,1.2399,3.0374
,-0.1222,0.0381,-0.5342,-0.6340,-0.7280,0.0307,-0.1715,-0.7073,0.1653,1.1097,1.3481,0.7141,1.4795,0.6755,3.5167,2.3725,1.4909,3.3235


@T,max_lapse
bound,"nmonths, nlapse"
len,"12,3"
@H,0,1,2
,0.000000,-0.067101,-0.070726
,0.000000,-0.052952,-0.058442
,-0.043814,0.000000,-0.089847
,-0.036193,0.000000,-0.184237
,0.000000,-0.035281,-0.224422
,0.000000,-0.051402,-0.221894
,0.000000,-0.064198,-0.211401
,0.000000,-0.052696,-0.223290
,0.000000,-0.044602,-0.236501
,0.045062,-0.072244,-0.273005
,0.000000,-0.045486,-0.176858
,-0.060261,0.000000,-0.070446


@T,min_lapse
bound,"nmonths, nlapse"
len,"12,3"
@H,0,1,2
,-0.236513,0.000000,0.000000
,-0.256980,0.000000,0.000000
,-0.208371,0.000000,-0.078609
,-0.135813,0.000000,-0.128994
,-0.134580,0.000000,-0.113623
,-0.147068,0.000000,-0.066038
,-0.226032,0.000000,0.000000
,-0.241855,0.000000,0.000000
,-0.223143,0.000000,0.000000
,-0.184189,0.000000,0.000000
,-0.194854,0.000000,0.000000
,-0.250275,0.000000,0.000000


@T,ppt_lapse
bound,"nmonths, nlapse"
len,"12,3"
@H,0,1,2
,0.000000,0.487022,1.242446
,0.000000,0.338124,1.045254
,-0.321666,0.495183,1.071179
,0.000000,0.235302,0.717671
,0.000000,0.150404,0.447882
,0.000000,0.251276,0.264392
,0.188084,-0.069652,0.000000
,0.177918,-0.084871,0.071656
,0.086715,0.000000,0.184932
,0.000000,0.196277,0.372212
,0.000000,0.508425,1.144457
,0.000000,0.462342,1.328867


