@S,Parameter,,,,,,,,,,,,,,,,,,,,,,,,,,,,,,,,,,,,,,,,,,,
 Descr,Animas,,,,,,,,,,,,,,,,,,,,,,,,,,,,,,,,,,,,,,,,,,,
 Version,Version: 1.7,,,,,,,,,,,,,,,,,,,,,,,,,,,,,,,,,,,,,,,,,,,
 CreatedAt,Tue Dec 08 16:47:54 MST 2009,,,,,,,,,,,,,,,,,,,,,,,,,,,,,,,,,,,,,,,,,,,
 modifed_at,Mon Aug 18 14:26:05 MDT 2014,,,,,,,,,,,,,,,,,,,,,,,,,,,,,,,,,,,,,,,,,,,
,,,,,,,,,,,,,,,,,,,,,,,,,,,,,,,,,,,,,,,,,,,,
@P,albset_rna,0.800000012,,,,,,,,,,,,,,,,,,,,,,,,,,,,,,,,,,,,,,,,,,
,,,,,,,,,,,,,,,,,,,,,,,,,,,,,,,,,,,,,,,,,,,,
@P,albset_rnm,0.600000024,,,,,,,,,,,,,,,,,,,,,,,,,,,,,,,,,,,,,,,,,,
,,,,,,,,,,,,,,,,,,,,,,,,,,,,,,,,,,,,,,,,,,,,
@P,albset_sna,0.050000001,,,,,,,,,,,,,,,,,,,,,,,,,,,,,,,,,,,,,,,,,,
,,,,,,,,,,,,,,,,,,,,,,,,,,,,,,,,,,,,,,,,,,,,
@P,albset_snm,0.200000003,,,,,,,,,,,,,,,,,,,,,,,,,,,,,,,,,,,,,,,,,,
,,,,,,,,,,,,,,,,,,,,,,,,,,,,,,,,,,,,,,,,,,,,
@P,basin_area,230130,,,,,,,,,,,,,,,,,,,,,,,,,,,,,,,,,,,,,,,,,,
,,,,,,,,,,,,,,,,,,,,,,,,,,,,,,,,,,,,,,,,,,,,
@P,basin_lat,43.67100143,,,,,,,,,,,,,,,,,,,,,,,,,,,,,,,,,,,,,,,,,,
,,,,,,,,,,,,,,,,,,,,,,,,,,,,,,,,,,,,,,,,,,,,
@P,basin_tsta,1,,,,,,,,,,,,,,,,,,,,,,,,,,,,,,,,,,,,,,,,,,
,,,,,,,,,,,,,,,,,,,,,,,,,,,,,,,,,,,,,,,,,,,,
@P,basin_tsta_hru,1,,,,,,,,,,,,,,,,,,,,,,,,,,,,,,,,,,,,,,,,,,
,,,,,,,,,,,,,,,,,,,,,,,,,,,,,,,,,,,,,,,,,,,,
@P,climate_dist,0,,,,,,,,,,,,,,,,,,,,,,,,,,,,,,,,,,,,,,,,,,
,,,,,,,,,,,,,,,,,,,,,,,,,,,,,,,,,,,,,,,,,,,,
@P,conv_flag,0,,,,,,,,,,,,,,,,,,,,,,,,,,,,,,,,,,,,,,,,,,
,,,,,,,,,,,,,,,,,,,,,,,,,,,,,,,,,,,,,,,,,,,,
@P,den_init,0.100000001,,,,,,,,,,,,,,,,,,,,,,,,,,,,,,,,,,,,,,,,,,
,,,,,,,,,,,,,,,,,,,,,,,,,,,,,,,,,,,,,,,,,,,,
@P,den_max,0.5,,,,,,,,,,,,,,,,,,,,,,,,,,,,,,,,,,,,,,,,,,
,,,,,,,,,,,,,,,,,,,,,,,,,,,,,,,,,,,,,,,,,,,,
@P,emis_noppt,0.779687822,,,,,,,,,,,,,,,,,,,,,,,,,,,,,,,,,,,,,,,,,,
,,,,,,,,,,,,,,,,,,,,,,,,,,,,,,,,,,,,,,,,,,,,
@P,freeh2o_cap,0.137830436,,,,,,,,,,,,,,,,,,,,,,,,,,,,,,,,,,,,,,,,,,
,,,,,,,,,,,,,,,,,,,,,,,,,,,,,,,,,,,,,,,,,,,,
@P,melt_force,140,,,,,,,,,,,,,,,,,,,,,,,,,,,,,,,,,,,,,,,,,,
,,,,,,,,,,,,,,,,,,,,,,,,,,,,,,,,,,,,,,,,,,,,
@P,melt_look,90,,,,,,,,,,,,,,,,,,,,,,,,,,,,,,,,,,,,,,,,,,
,,,,,,,,,,,,,,,,,,,,,,,,,,,,,,,,,,,,,,,,,,,,
@P,moyrsum,0,,,,,,,,,,,,,,,,,,,,,,,,,,,,,,,,,,,,,,,,,,
,,,,,,,,,,,,,,,,,,,,,,,,,,,,,,,,,,,,,,,,,,,,
@P,mxnsos,1,,,,,,,,,,,,,,,,,,,,,,,,,,,,,,,,,,,,,,,,,,
 role,dimension,,,,,,,,,,,,,,,,,,,,,,,,,,,,,,,,,,,,,,,,,,,
,,,,,,,,,,,,,,,,,,,,,,,,,,,,,,,,,,,,,,,,,,,,
@P,ncascade,0,,,,,,,,,,,,,,,,,,,,,,,,,,,,,,,,,,,,,,,,,,
 role,dimension,,,,,,,,,,,,,,,,,,,,,,,,,,,,,,,,,,,,,,,,,,,
,,,,,,,,,,,,,,,,,,,,,,,,,,,,,,,,,,,,,,,,,,,,
@P,ncascdgw,0,,,,,,,,,,,,,,,,,,,,,,,,,,,,,,,,,,,,,,,,,,
 role,dimension,,,,,,,,,,,,,,,,,,,,,,,,,,,,,,,,,,,,,,,,,,,
,,,,,,,,,,,,,,,,,,,,,,,,,,,,,,,,,,,,,,,,,,,,
@P,nchan,1,,,,,,,,,,,,,,,,,,,,,,,,,,,,,,,,,,,,,,,,,,
 role,dimension,,,,,,,,,,,,,,,,,,,,,,,,,,,,,,,,,,,,,,,,,,,
,,,,,,,,,,,,,,,,,,,,,,,,,,,,,,,,,,,,,,,,,,,,
@P,ndays,366,,,,,,,,,,,,,,,,,,,,,,,,,,,,,,,,,,,,,,,,,,
 role,dimension,,,,,,,,,,,,,,,,,,,,,,,,,,,,,,,,,,,,,,,,,,,
,,,,,,,,,,,,,,,,,,,,,,,,,,,,,,,,,,,,,,,,,,,,
@P,ndepl,2,,,,,,,,,,,,,,,,,,,,,,,,,,,,,,,,,,,,,,,,,,
 role,dimension,,,,,,,,,,,,,,,,,,,,,,,,,,,,,,,,,,,,,,,,,,,
,,,,,,,,,,,,,,,,,,,,,,,,,,,,,,,,,,,,,,,,,,,,
@P,ndeplval,11,,,,,,,,,,,,,,,,,,,,,,,,,,,,,,,,,,,,,,,,,,
 role,dimension,,,,,,,,,,,,,,,,,,,,,,,,,,,,,,,,,,,,,,,,,,,
,,,,,,,,,,,,,,,,,,,,,,,,,,,,,,,,,,,,,,,,,,,,
@P,nevap,0,,,,,,,,,,,,,,,,,,,,,,,,,,,,,,,,,,,,,,,,,,
 role,dimension,,,,,,,,,,,,,,,,,,,,,,,,,,,,,,,,,,,,,,,,,,,
,,,,,,,,,,,,,,,,,,,,,,,,,,,,,,,,,,,,,,,,,,,,
@P,nform,0,,,,,,,,,,,,,,,,,,,,,,,,,,,,,,,,,,,,,,,,,,
 role,dimension,,,,,,,,,,,,,,,,,,,,,,,,,,,,,,,,,,,,,,,,,,,
,,,,,,,,,,,,,,,,,,,,,,,,,,,,,,,,,,,,,,,,,,,,
@P,ngate,1,,,,,,,,,,,,,,,,,,,,,,,,,,,,,,,,,,,,,,,,,,
 role,dimension,,,,,,,,,,,,,,,,,,,,,,,,,,,,,,,,,,,,,,,,,,,
,,,,,,,,,,,,,,,,,,,,,,,,,,,,,,,,,,,,,,,,,,,,
@P,ngw,1,,,,,,,,,,,,,,,,,,,,,,,,,,,,,,,,,,,,,,,,,,
 role,dimension,,,,,,,,,,,,,,,,,,,,,,,,,,,,,,,,,,,,,,,,,,,
,,,,,,,,,,,,,,,,,,,,,,,,,,,,,,,,,,,,,,,,,,,,
@P,nhru,82,,,,,,,,,,,,,,,,,,,,,,,,,,,,,,,,,,,,,,,,,,
 role,dimension,,,,,,,,,,,,,,,,,,,,,,,,,,,,,,,,,,,,,,,,,,,
,,,,,,,,,,,,,,,,,,,,,,,,,,,,,,,,,,,,,,,,,,,,
@P,nlapse,3,,,,,,,,,,,,,,,,,,,,,,,,,,,,,,,,,,,,,,,,,,
 role,dimension,,,,,,,,,,,,,,,,,,,,,,,,,,,,,,,,,,,,,,,,,,,
,,,,,,,,,,,,,,,,,,,,,,,,,,,,,,,,,,,,,,,,,,,,
@P,nmonths,12,,,,,,,,,,,,,,,,,,,,,,,,,,,,,,,,,,,,,,,,,,
 role,dimension,,,,,,,,,,,,,,,,,,,,,,,,,,,,,,,,,,,,,,,,,,,
,,,,,,,,,,,,,,,,,,,,,,,,,,,,,,,,,,,,,,,,,,,,
@P,nobs,1,,,,,,,,,,,,,,,,,,,,,,,,,,,,,,,,,,,,,,,,,,
 role,dimension,,,,,,,,,,,,,,,,,,,,,,,,,,,,,,,,,,,,,,,,,,,
,,,,,,,,,,,,,,,,,,,,,,,,,,,,,,,,,,,,,,,,,,,,
@P,nradpl,31,,,,,,,,,,,,,,,,,,,,,,,,,,,,,,,,,,,,,,,,,,
 role,dimension,,,,,,,,,,,,,,,,,,,,,,,,,,,,,,,,,,,,,,,,,,,
,,,,,,,,,,,,,,,,,,,,,,,,,,,,,,,,,,,,,,,,,,,,
@P,nrain,18,,,,,,,,,,,,,,,,,,,,,,,,,,,,,,,,,,,,,,,,,,
 role,dimension,,,,,,,,,,,,,,,,,,,,,,,,,,,,,,,,,,,,,,,,,,,
,,,,,,,,,,,,,,,,,,,,,,,,,,,,,,,,,,,,,,,,,,,,
@P,nsegment,0,,,,,,,,,,,,,,,,,,,,,,,,,,,,,,,,,,,,,,,,,,
 role,dimension,,,,,,,,,,,,,,,,,,,,,,,,,,,,,,,,,,,,,,,,,,,
,,,,,,,,,,,,,,,,,,,,,,,,,,,,,,,,,,,,,,,,,,,,
@P,nsfres,0,,,,,,,,,,,,,,,,,,,,,,,,,,,,,,,,,,,,,,,,,,
 role,dimension,,,,,,,,,,,,,,,,,,,,,,,,,,,,,,,,,,,,,,,,,,,
,,,,,,,,,,,,,,,,,,,,,,,,,,,,,,,,,,,,,,,,,,,,
@P,nsnow,0,,,,,,,,,,,,,,,,,,,,,,,,,,,,,,,,,,,,,,,,,,
 role,dimension,,,,,,,,,,,,,,,,,,,,,,,,,,,,,,,,,,,,,,,,,,,
,,,,,,,,,,,,,,,,,,,,,,,,,,,,,,,,,,,,,,,,,,,,
@P,nsol,0,,,,,,,,,,,,,,,,,,,,,,,,,,,,,,,,,,,,,,,,,,
 role,dimension,,,,,,,,,,,,,,,,,,,,,,,,,,,,,,,,,,,,,,,,,,,
,,,,,,,,,,,,,,,,,,,,,,,,,,,,,,,,,,,,,,,,,,,,
@P,nssr,1,,,,,,,,,,,,,,,,,,,,,,,,,,,,,,,,,,,,,,,,,,
 role,dimension,,,,,,,,,,,,,,,,,,,,,,,,,,,,,,,,,,,,,,,,,,,
,,,,,,,,,,,,,,,,,,,,,,,,,,,,,,,,,,,,,,,,,,,,
@P,ntemp,18,,,,,,,,,,,,,,,,,,,,,,,,,,,,,,,,,,,,,,,,,,
 role,dimension,,,,,,,,,,,,,,,,,,,,,,,,,,,,,,,,,,,,,,,,,,,
,,,,,,,,,,,,,,,,,,,,,,,,,,,,,,,,,,,,,,,,,,,,
@P,objfunc_q,1,,,,,,,,,,,,,,,,,,,,,,,,,,,,,,,,,,,,,,,,,,
,,,,,,,,,,,,,,,,,,,,,,,,,,,,,,,,,,,,,,,,,,,,
@P,one,1,,,,,,,,,,,,,,,,,,,,,,,,,,,,,,,,,,,,,,,,,,
 role,dimension,,,,,,,,,,,,,,,,,,,,,,,,,,,,,,,,,,,,,,,,,,,
,,,,,,,,,,,,,,,,,,,,,,,,,,,,,,,,,,,,,,,,,,,,
@P,outlet_sta,0,,,,,,,,,,,,,,,,,,,,,,,,,,,,,,,,,,,,,,,,,,
,,,,,,,,,,,,,,,,,,,,,,,,,,,,,,,,,,,,,,,,,,,,
@P,pmo,0,,,,,,,,,,,,,,,,,,,,,,,,,,,,,,,,,,,,,,,,,,
,,,,,,,,,,,,,,,,,,,,,,,,,,,,,,,,,,,,,,,,,,,,
@P,potet_sublim,0.748526216,,,,,,,,,,,,,,,,,,,,,,,,,,,,,,,,,,,,,,,,,,
,,,,,,,,,,,,,,,,,,,,,,,,,,,,,,,,,,,,,,,,,,,,
@P,print_freq,3,,,,,,,,,,,,,,,,,,,,,,,,,,,,,,,,,,,,,,,,,,
,,,,,,,,,,,,,,,,,,,,,,,,,,,,,,,,,,,,,,,,,,,,
@P,print_objfunc,0,,,,,,,,,,,,,,,,,,,,,,,,,,,,,,,,,,,,,,,,,,
,,,,,,,,,,,,,,,,,,,,,,,,,,,,,,,,,,,,,,,,,,,,
@P,print_type,1,,,,,,,,,,,,,,,,,,,,,,,,,,,,,,,,,,,,,,,,,,
,,,,,,,,,,,,,,,,,,,,,,,,,,,,,,,,,,,,,,,,,,,,
@P,radadj_intcp,1,,,,,,,,,,,,,,,,,,,,,,,,,,,,,,,,,,,,,,,,,,
,,,,,,,,,,,,,,,,,,,,,,,,,,,,,,,,,,,,,,,,,,,,
@P,radadj_slope,1,,,,,,,,,,,,,,,,,,,,,,,,,,,,,,,,,,,,,,,,,,
,,,,,,,,,,,,,,,,,,,,,,,,,,,,,,,,,,,,,,,,,,,,
@P,radj_sppt,0.600000024,,,,,,,,,,,,,,,,,,,,,,,,,,,,,,,,,,,,,,,,,,
,,,,,,,,,,,,,,,,,,,,,,,,,,,,,,,,,,,,,,,,,,,,
@P,radj_wppt,0.5,,,,,,,,,,,,,,,,,,,,,,,,,,,,,,,,,,,,,,,,,,
,,,,,,,,,,,,,,,,,,,,,,,,,,,,,,,,,,,,,,,,,,,,
@P,radmax,0.800000012,,,,,,,,,,,,,,,,,,,,,,,,,,,,,,,,,,,,,,,,,,
,,,,,,,,,,,,,,,,,,,,,,,,,,,,,,,,,,,,,,,,,,,,
@P,runoff_units,0,,,,,,,,,,,,,,,,,,,,,,,,,,,,,,,,,,,,,,,,,,
,,,,,,,,,,,,,,,,,,,,,,,,,,,,,,,,,,,,,,,,,,,,
@P,settle_const,0.100000001,,,,,,,,,,,,,,,,,,,,,,,,,,,,,,,,,,,,,,,,,,
,,,,,,,,,,,,,,,,,,,,,,,,,,,,,,,,,,,,,,,,,,,,
@P,solrad_elev,2297,,,,,,,,,,,,,,,,,,,,,,,,,,,,,,,,,,,,,,,,,,
,,,,,,,,,,,,,,,,,,,,,,,,,,,,,,,,,,,,,,,,,,,,
@P,temp_units,0,,,,,,,,,,,,,,,,,,,,,,,,,,,,,,,,,,,,,,,,,,
,,,,,,,,,,,,,,,,,,,,,,,,,,,,,,,,,,,,,,,,,,,,
@P,tmax_allsnow,34.53140259,,,,,,,,,,,,,,,,,,,,,,,,,,,,,,,,,,,,,,,,,,
,,,,,,,,,,,,,,,,,,,,,,,,,,,,,,,,,,,,,,,,,,,,
@P,basin_solsta,0,,,,,,,,,,,,,,,,,,,,,,,,,,,,,,,,,,,,,,,,,,
,,,,,,,,,,,,,,,,,,,,,,,,,,,,,,,,,,,,,,,,,,,,
@P,dprst_flag,0,,,,,,,,,,,,,,,,,,,,,,,,,,,,,,,,,,,,,,,,,,
,,,,,,,,,,,,,,,,,,,,,,,,,,,,,,,,,,,,,,,,,,,,
@P,dt_sroff,0,,,,,,,,,,,,,,,,,,,,,,,,,,,,,,,,,,,,,,,,,,
,,,,,,,,,,,,,,,,,,,,,,,,,,,,,,,,,,,,,,,,,,,,
@P,glacier_flag,0,,,,,,,,,,,,,,,,,,,,,,,,,,,,,,,,,,,,,,,,,,
,,,,,,,,,,,,,,,,,,,,,,,,,,,,,,,,,,,,,,,,,,,,
@P,rad_conv,0,,,,,,,,,,,,,,,,,,,,,,,,,,,,,,,,,,,,,,,,,,
,,,,,,,,,,,,,,,,,,,,,,,,,,,,,,,,,,,,,,,,,,,,
@P,x_add,1218406.175,,,,,,,,,,,,,,,,,,,,,,,,,,,,,,,,,,,,,,,,,,
,,,,,,,,,,,,,,,,,,,,,,,,,,,,,,,,,,,,,,,,,,,,
@P,x_div,39420.2791,,,,,,,,,,,,,,,,,,,,,,,,,,,,,,,,,,,,,,,,,,
,,,,,,,,,,,,,,,,,,,,,,,,,,,,,,,,,,,,,,,,,,,,
@P,y_add,-2392370.442,,,,,,,,,,,,,,,,,,,,,,,,,,,,,,,,,,,,,,,,,,
,,,,,,,,,,,,,,,,,,,,,,,,,,,,,,,,,,,,,,,,,,,,
@P,y_div,47031.6819,,,,,,,,,,,,,,,,,,,,,,,,,,,,,,,,,,,,,,,,,,
,,,,,,,,,,,,,,,,,,,,,,,,,,,,,,,,,,,,,,,,,,,,
@P,z_add,-1956.8333,,,,,,,,,,,,,,,,,,,,,,,,,,,,,,,,,,,,,,,,,,
,,,,,,,,,,,,,,,,,,,,,,,,,,,,,,,,,,,,,,,,,,,,
@P,z_div,304.8763,,,,,,,,,,,,,,,,,,,,,,,,,,,,,,,,,,,,,,,,,,
,,,,,,,,,,,,,,,,,,,,,,,,,,,,,,,,,,,,,,,,,,,,
@P,tmax_add,-52.4697,,,,,,,,,,,,,,,,,,,,,,,,,,,,,,,,,,,,,,,,,,
,,,,,,,,,,,,,,,,,,,,,,,,,,,,,,,,,,,,,,,,,,,,
@P,tmax_div,18.1266,,,,,,,,,,,,,,,,,,,,,,,,,,,,,,,,,,,,,,,,,,
,,,,,,,,,,,,,,,,,,,,,,,,,,,,,,,,,,,,,,,,,,,,
@P,tmin_add,-26.527,,,,,,,,,,,,,,,,,,,,,,,,,,,,,,,,,,,,,,,,,,
,,,,,,,,,,,,,,,,,,,,,,,,,,,,,,,,,,,,,,,,,,,,
@P,tmin_div,13.3387,,,,,,,,,,,,,,,,,,,,,,,,,,,,,,,,,,,,,,,,,,
,,,,,,,,,,,,,,,,,,,,,,,,,,,,,,,,,,,,,,,,,,,,
@P,ppt_add,-0.0759,,,,,,,,,,,,,,,,,,,,,,,,,,,,,,,,,,,,,,,,,,
,,,,,,,,,,,,,,,,,,,,,,,,,,,,,,,,,,,,,,,,,,,,
@P,ppt_div,0.0464,,,,,,,,,,,,,,,,,,,,,,,,,,,,,,,,,,,,,,,,,,
,,,,,,,,,,,,,,,,,,,,,,,,,,,,,,,,,,,,,,,,,,,,
,,,,,,,,,,,,,,,,,,,,,,,,,,,,,,,,,,,,,,,,,,,,
,,,,,,,,,,,,,,,,,,,,,,,,,,,,,,,,,,,,,,,,,,,,
@T,ngw,,,,,,,,,,,,,,,,,,,,,,,,,,,,,,,,,,,,,,,,,,,
description,Parameter bound by 'ngw',,,,,,,,,,,,,,,,,,,,,,,,,,,,,,,,,,,,,,,,,,,
len,1,,,,,,,,,,,,,,,,,,,,,,,,,,,,,,,,,,,,,,,,,,,
@H,gwflow_coef,gwsink_coef,gwstor_init,,,,,,,,,,,,,,,,,,,,,,,,,,,,,,,,,,,,,,,,,
,0.002022877,0,4.879782677,,,,,,,,,,,,,,,,,,,,,,,,,,,,,,,,,,,,,,,,,
,,,,,,,,,,,,,,,,,,,,,,,,,,,,,,,,,,,,,,,,,,,,
,,,,,,,,,,,,,,,,,,,,,,,,,,,,,,,,,,,,,,,,,,,,
@T,nhru,,,,,,,,,,,,,,,,,,,,,,,,,,,,,,,,,,,,,,,,,,,
description,Parameter bound by 'nhru',,,,,,,,,,,,,,,,,,,,,,,,,,,,,,,,,,,,,,,,,,,
len,82,,,,,,,,,,,,,,,,,,,,,,,,,,,,,,,,,,,,,,,,,,,
@H,carea_max,cov_type,covden_sum,covden_win,hru_area,hru_aspect,hru_deplcrv,hru_elev,hru_gwres,hru_lat,hru_percent_imperv,hru_radpl,hru_slope,hru_ssres,hru_type,hru_x,hru_y,imperv_stor_max,jh_coef_hru,rad_trncf,smidx_coef,smidx_exp,snarea_thresh,snow_intcp,snowinfil_max,soil2gw_max,soil_moist_init,soil_moist_max,soil_rechr_init,soil_rechr_max,soil_type,srain_intcp,tmax_adj,tmin_adj,transp_beg,transp_end,transp_tmax,wrain_intcp,frozen,groundmelt,hru_percent_dprst,hru_solsta,pkwater_equiv_intcp,soil_moist_srunoff
,0.600000024,3,0.701667547,0.662,4504.600098,225,1,2254,1,43.81999969,0,8,0.254482776,1,1,-1194000,2408400,0,14.64500046,0.160049245,1.00E-04,0.200435996,6.925000191,0.089100383,2,0.25,1,2.856330872,0.5,1.724114656,1,0.045090511,1.700000048,1.700000048,4,10,500,0.045090511,0,0,0,0,0,0
,0.600000024,3,0.647675633,0.618202448,2391.899902,0,1,2385,1,43.8030014,0,29,0.34062615,1,1,-1192000,2406300,0,14.34399986,0.180551603,1.00E-04,0.200435996,9.069000244,0.09622933,2,0.25,1,2.496198416,0.5,1.450152993,1,0.049793381,-1.700000048,-1.700000048,4,10,500,0.049793381,0,0,0,0,0,0
,0.600000024,3,0.913101256,0.853206754,2342.5,315,1,2172,1,43.80400085,0,11,0.187257752,1,1,-1196000,2407000,0,14.88899994,0.094499908,1.00E-04,0.200435996,5.585000038,0.086867079,2,0.25,1,3.359531641,0.5,1.908560157,2,0.050000001,-1,-1,4,10,500,0.045253161,0,0,0,0,0,0
,0.600000024,3,0.917230785,0.912533343,2409.199951,270,1,2180,1,43.78300095,0,12,0.182651803,1,1,-1196000,2404700,0,14.84000015,0.080239281,1.00E-04,0.200435996,5.715000153,0.099353842,2,0.25,1,3.397464752,0.5,2.027741671,2,0.050000001,0,0,4,10,500,0.049969219,0,0,0,0,0,0
,0.600000024,3,0.774938583,0.763226867,3017,225,1,2239,1,43.77099991,0,6,0.22488974,1,1,-1195000,2403100,0,14.64700031,0.121075511,1.00E-04,0.200435996,6.684000015,0.096723989,2,0.25,1,3.056034565,0.5,1.744909167,2,0.048525792,1.700000048,1.700000048,4,10,500,0.04840295,0,0,0,0,0,0
,0.600000024,3,0.641036808,0.633381784,2550,180,1,2368,1,43.76200104,0,22,0.352608591,1,1,-1192000,2401700,0,14.27299976,0.173155755,1.00E-04,0.200435996,8.805000305,0.098498061,2,0.25,1,2.533186197,0.5,1.404000044,1,0.049757749,1.200000048,1.200000048,4,10,500,0.049757749,0,0,0,0,0,0
,0.600000024,3,0.912857115,0.892812014,2629.100098,0,1,2259,1,43.74599838,0,16,0.31181401,1,1,-1196000,2400500,0,14.54199982,0.084735952,1.00E-04,0.200435996,7.010000229,0.095263161,2,0.25,1,3.455904245,0.5,1.88423121,2,0.050000001,-1.700000048,-1.700000048,4,10,500,0.048223682,0,0,0,0,0,0
,0.600000024,3,0.978933573,0.883175075,1228,315,1,2126,1,43.73799896,0,15,0.200871766,1,1,-1199000,2400000,0,14.99100018,0.08710999,1.00E-04,0.200435996,4.823999882,0.082032189,2,0.25,1,4.316716194,1,2.271911383,2,0.050000001,-1,-1,4,10,500,0.043601599,0,0,0,0,0,0
,0.600000024,3,0.503142357,0.413993448,1509.699951,270,1,2399,1,43.73899841,0,26,0.437730074,1,1,-1190000,2398700,0,14.2670002,0.316935152,1.00E-04,0.200435996,9.305000305,0.079705402,2,0.25,1,2.232000113,0.5,1.404000044,1,0.04288052,0,0,4,10,500,0.04288052,0,0,0,0,0,0
,0.600000024,3,0.638312817,0.638312817,3617.5,0,1,2051,1,43.69599915,0,14,0.197262496,1,1,-1219000,2398500,0,15.2840004,0.170818955,1.00E-04,0.200435996,3.595000029,0.100000001,2,0.25,1,5.058253765,0.5,2.655270338,2,0.050000001,-1,-1,4,10,500,0.050000001,0,0,0,0,0,0
,0.600000024,3,0.5973171,0.545264244,1215.699951,45,1,2397,1,43.73099899,0,30,0.510590374,1,1,-1190000,2397900,0,14.25399971,0.220741376,1.00E-04,0.200435996,9.274000168,0.093800813,2,0.25,1,2.497902632,0.5,1.404000044,1,0.050000001,-1,-1,4,10,500,0.050000001,0,0,0,0,0,0
,0.600000024,3,0.904896975,0.730177522,1559.199951,270,1,2479,1,43.72399902,0,12,0.248774797,1,1,-1197000,2398200,0,13.97799969,0.132648945,1.00E-04,0.200435996,10.61400032,0.059556261,2,0.25,1,3.98677659,0.5,2.008412123,2,0.050000001,0,0,4,10,500,0.034833591,0,0,0,0,0,0
,0.600000024,3,0.9563483,0.85114044,1759.300049,315,1,2381,1,43.71500015,0,11,0.219921216,1,1,-1198000,2397300,0,14.30799961,0.095058583,1.00E-04,0.200435996,9.005000114,0.076741569,2,0.25,1,4.411213398,0.5,2.209601164,2,0.050000001,-1,-1,4,10,500,0.04127809,0,0,0,0,0,0
,0.600000024,3,0.674765646,0.674765646,3162.800049,180,1,2226,1,43.67100143,0,17,0.313236713,1,1,-1221000,2396000,0,14.78600025,0.154495016,1.00E-04,0.200435996,6.465000153,0.100000001,2,0.25,1,3.908106804,0.5,2.02893734,2,0.050000001,1.200000048,1.200000048,4,10,500,0.050000001,0,0,0,0,0,0
,0.600000024,3,0.957901716,0.846358597,1860.599976,315,1,2146,1,43.70600128,0,11,0.201827675,1,1,-1200000,2396600,0,14.8760004,0.096362129,1.00E-04,0.200435996,5.15500021,0.075351924,2,0.25,1,4.777337551,0.5,2.529316187,2,0.050000001,-1,-1,4,10,500,0.040756971,0,0,0,0,0,0
,0.600000024,3,0.740493059,0.740493059,2856.399902,0,1,2290,1,43.65499878,0,28,0.368664175,1,1,-1220000,2394100,0,14.59200001,0.128902391,1.00E-04,0.200435996,7.519000053,0.100000001,2,0.25,1,3.242179632,1,1.842516303,2,0.050000001,-1,-1,4,10,500,0.050000001,0,0,0,0,0,0
,0.600000024,3,0.612699747,0.612699747,2041,90,1,2121,1,43.65399933,0,20,0.257536203,1,1,-1217000,2393500,0,15.0909996,0.183310047,1.00E-04,0.200435996,4.743999958,0.100000001,2,0.25,1,3.973031282,1,1.994360685,2,0.050000001,0,0,4,10,500,0.050000001,0,0,0,0,0,0
,0.600000024,3,0.871619821,0.705322087,2639,180,1,2293,1,43.68399811,0,23,0.405265689,1,1,-1198000,2393800,0,14.55000019,0.142142162,1.00E-04,0.200435996,7.559000015,0.06458801,2,0.25,1,4.183527946,1,2.228865147,2,0.04442884,1.200000048,1.200000048,4,10,500,0.03532771,0,0,0,0,0,0
,0.600000024,3,0.922648072,0.847874582,1418.300049,315,1,2380,1,43.69200134,0,11,0.230418757,1,1,-1200000,2395000,0,14.39599991,0.095892042,1.00E-04,0.200435996,8.98900032,0.083135881,2,0.25,1,4.315803528,0.5,2.274260759,2,0.050000001,-1,-1,4,10,500,0.043675952,0,0,0,0,0,0
,0.600000024,3,0.869850814,0.777484775,4306.899902,315,1,2343,1,43.66999817,0,11,0.357670933,1,1,-1199000,2392300,0,14.43299961,0.116474792,1.00E-04,0.200435996,8.385000229,0.079655759,2,0.25,1,3.357807159,1,1.74901545,1,0.048364881,-1,-1,4,10,500,0.041962132,0,0,0,0,0,0
,0.600000024,3,0.62565285,0.62565285,1551.699951,90,1,2101,1,43.63800049,0,27,0.277536899,1,1,-1218000,2391800,0,15.14900017,0.176882893,1.00E-04,0.200435996,4.40899992,0.100000001,2,0.25,1,3.785560369,1,1.969452143,2,0.050000001,0,0,4,10,500,0.050000001,0,0,0,0,0,0
,0.600000024,3,0.68062228,0.68062228,1707.400024,45,1,2168,1,43.62599945,0,31,0.299962074,1,1,-1218000,2390500,0,15.00300026,0.15202187,1.00E-04,0.200435996,5.510000229,0.100000001,2,0.25,1,3.657308102,0.5,1.943999887,2,0.050000001,-1,-1,4,10,500,0.050000001,0,0,0,0,0,0
,0.600000024,3,0.88286525,0.780702114,2604.399902,225,1,2347,1,43.64300156,0,12,0.339069873,1,1,-1201000,2389500,0,14.39700031,0.11562524,1.00E-04,0.200435996,8.460000038,0.07715369,2,0.25,1,4.073396683,1,2.189578772,2,0.050000001,1.700000048,1.700000048,4,10,500,0.04143263,0,0,0,0,0,0
,0.600000024,3,0.853552163,0.685584247,3387.699951,0,1,2286,1,43.63199997,0,11,0.308161527,1,1,-1202000,2388600,0,14.60900021,0.150469512,1.00E-04,0.200435996,7.448999882,0.058978841,2,0.25,1,4.668118,1,2.439216614,2,0.050000001,-1,-1,4,10,500,0.034617059,0,0,0,0,0,0
,0.600000024,3,0.435671002,0.362640679,1141.599976,45,1,2089,1,43.60900116,0,13,0.257706761,1,1,-1217000,2388300,0,15.22900009,0.365108788,1.00E-04,0.200435996,4.215000153,0.070779212,2,0.25,1,3.149824381,1,1.950486898,2,0.035389598,-1,-1,4,10,500,0.035389598,0,0,0,0,0,0
,0.600000024,3,0.413200647,0.361226112,1551.699951,45,1,2061,1,43.59000015,0,9,0.228507757,1,1,-1217000,2386100,0,15.26900005,0.36653465,1.00E-04,0.200435996,3.765000105,0.079299361,2,0.25,1,3.185684443,0.5,1.953544497,2,0.03980891,-1,-1,4,10,500,0.03980891,0,0,0,0,0,0
,0.600000024,3,0.974669516,0.940171182,2915.699951,315,1,2122,1,43.61199951,0,12,0.191244647,1,1,-1206000,2386800,0,15.06799984,0.074434161,1.00E-04,0.200435996,4.760000229,0.0920678,2,0.25,1,4.669108391,1,2.693715096,2,0.0498305,-1,-1,4,10,500,0.046983048,0,0,0,0,0,0
,0.600000024,3,0.858356059,0.83539331,2720.5,180,1,2317,1,43.59999847,0,22,0.348136127,1,1,-1202000,2385000,0,14.51399994,0.099254392,1.00E-04,0.200435996,7.953999996,0.094050862,2,0.25,1,4.502800941,1,2.611683846,2,0.049954578,1.200000048,1.200000048,4,10,500,0.048292462,0,0,0,0,0,0
,0.600000024,3,0.992638111,0.962273479,1789,315,1,2165,1,43.59500122,0,15,0.198552832,1,1,-1205000,2384900,0,14.96700001,0.070038632,1.00E-04,0.200435996,5.465000153,0.093591161,2,0.25,1,4.773828506,1,2.72066021,2,0.050000001,-1,-1,4,10,500,0.047596678,0,0,0,0,0,0
,0.600000024,3,0.693920135,0.68236655,5137.200195,0,1,2107,1,43.55699921,0,16,0.251353741,1,1,-1211000,2381500,0,15.11699963,0.151298985,1.00E-04,0.200435996,4.513999939,0.096705139,2,0.25,1,3.287040234,0.5,1.928463101,2,0.049158242,-1,-1,4,10,500,0.048941791,0,0,0,0,0,0
,0.600000024,3,0.778736472,0.778050542,2737.800049,0,1,2342,1,43.59000015,0,28,0.371585667,1,1,-1202000,2383800,0,14.47200012,0.11622978,1.00E-04,0.200435996,8.380000114,0.099819489,2,0.25,1,3.609974623,1,2.018404245,1,0.049909741,-1,-1,4,10,500,0.049909741,0,0,0,0,0,0
,0.600000024,3,0.635176301,0.623253226,1541.900024,135,1,2075,1,43.56499863,0,17,0.191088006,1,1,-1217000,2383400,0,15.26799965,0.178056315,1.00E-04,0.200435996,4,0.098076917,2,0.25,1,3.525576591,1,1.943999887,2,0.050000001,-1,-1,4,10,500,0.050000001,0,0,0,0,0,0
,0.600000024,3,0.715673327,0.714135528,2844.100098,270,1,2091,1,43.55500031,0,21,0.205380037,1,1,-1215000,2382000,0,15.19299984,0.138612375,1.00E-04,0.200435996,4.25,0.09973935,2,0.25,1,3.462943316,1,1.943999887,2,0.050000001,-1,-1,4,10,500,0.050000001,0,0,0,0,0,0
,0.600000024,3,0.706282616,0.706282616,3409.899902,0,1,2354,1,43.55699921,0,29,0.366886675,1,1,-1201000,2379800,0,14.38599968,0.141644374,1.00E-04,0.200435996,8.574000359,0.100000001,2,0.25,1,3.26404357,1,1.763608694,1,0.050000001,-1,-1,4,10,500,0.050000001,0,0,0,0,0,0
,0.600000024,3,0.682843447,0.682843447,3345.699951,180,1,2339,1,43.56800079,0,25,0.379858315,1,1,-1201000,2381200,0,14.44900036,0.151094303,1.00E-04,0.200435996,8.31400013,0.100000001,2,0.25,1,3.37456131,1,1.906511068,1,0.050000001,1.200000048,1.200000048,4,10,500,0.050000001,0,0,0,0,0,0
,0.600000024,3,0.771049738,0.771049738,8991.900391,45,1,2367,1,43.52500153,0,31,0.342273831,1,1,-1206000,2377000,0,14.35700035,0.118493631,1.00E-04,0.200435996,8.774000168,0.100000001,2,0.25,1,3.487839937,1,2.061808586,2,0.050000001,-1,-1,4,10,500,0.050000001,0,0,0,0,0,0
,0.600000024,3,0.649409473,0.649409473,5732.700195,225,1,2422,1,43.51399994,0,19,0.362703532,1,1,-1202000,2375100,0,14.21399975,0.165675074,1.00E-04,0.200435996,9.675000191,0.100000001,2,0.25,1,4.059873104,1,2.262130737,2,0.050000001,1.700000048,1.700000048,4,10,500,0.050000001,0,0,0,0,0,0
,0.600000024,3,0.52093178,0.260149866,2572.300049,225,1,1957,1,43.79199982,0,6,0.02834169,1,1,-1201000,2406400,0,15.66100025,0.487136781,1.00E-04,0.200435996,2.055000067,0.023765611,2,0.25,1,3.570069075,0.5,2.784752131,2,0.036791541,1.700000048,1.700000048,4,10,500,0.02958693,0,0,0,0,0,0
,0.600000024,3,0.305119842,0.06199041,2577.199951,270,1,1850,1,43.78300095,0,5,0.01138127,1,1,-1209000,2406700,0,15.98799992,0.839007854,1.00E-04,0.200435996,0.300000012,0.01937679,2,0.25,1,2.164590597,0.5,2.164590597,2,0.029098749,0,0,4,10,500,0.02901246,0,0,0,0,0,0
,0.600000024,3,0.378368735,0.108391888,2559.899902,270,1,1875,1,43.77500153,0,5,0.01185297,1,1,-1207000,2405500,0,15.94299984,0.73840338,1.00E-04,0.200435996,0.708999991,0.01802123,2,0.25,1,2.228073359,0.5,2.17850399,2,0.02939189,0,0,4,10,500,0.029044401,0,0,0,0,0,0
,0.600000024,3,0.375605702,0.086023748,1040.199951,270,1,1836,1,43.77299881,0,5,0.01049188,1,1,-1211000,2405900,0,16.05699921,0.786299288,1.00E-04,0.200435996,0.064000003,0.032351539,2,0.25,1,2.203610659,0.5,2.203610659,2,0.04453681,0,0,4,10,500,0.04453681,0,0,0,0,0,0
,0.600000024,3,0.667759359,0.398198694,2238.699951,315,1,1961,1,43.77600098,0,2,0.032925598,1,1,-1200000,2404500,0,15.64700031,0.332767248,1.00E-04,0.200435996,2.118999958,0.041026492,2,0.25,1,3.902364016,0.5,2.947072744,2,0.041225161,-1,-1,4,10,500,0.039900661,0,0,0,0,0,0
,0.600000024,3,0.321817458,0.045857832,3059,90,1,1840,1,43.75,0,3,0.01714086,1,1,-1215000,2404000,0,16.04199982,0.87595588,1.00E-04,0.200435996,0.135000005,0.00825525,2,0.25,1,2.938230991,0.5,2.757416725,2,0.01324717,0,0,4,10,500,0.01116316,0,0,0,0,0,0
,0.600000024,3,0.47856006,0.210745573,2797.100098,270,1,1837,1,43.75799942,0,5,0.00908047,1,1,-1210000,2404100,0,16.04700089,0.557947278,1.00E-04,0.200435996,0.090000004,0.02724381,2,0.25,1,2.439604282,0.5,2.227007151,2,0.04151943,0,0,4,10,500,0.039849821,0,0,0,0,0,0
,0.600000024,3,0.490250677,0.212020934,8969.700195,270,1,1880,1,43.75099945,0,5,0.01352643,1,1,-1206000,2402600,0,15.89700031,0.55563724,1.00E-04,0.200435996,0.785000026,0.023377409,2,0.25,1,2.99179101,0.5,2.228477001,2,0.033388421,0,0,4,10,500,0.024413221,0,0,0,0,0,0
,0.600000024,3,0.316566914,0.094179571,2807,90,1,1849,1,43.72700119,0,3,0.039843399,1,1,-1216000,2401400,0,15.97900009,0.766402066,1.00E-04,0.200435996,0.280000001,0.024947179,2,0.25,1,3.034988403,0.5,2.785983086,2,0.02935739,0,0,4,10,500,0.02737676,0,0,0,0,0,0
,0.600000024,3,0.456928313,0.108061433,2172,225,1,1922,1,43.73600006,0,6,0.021475431,1,1,-1202000,2400300,0,15.77000046,0.737143517,1.00E-04,0.200435996,1.475000024,0.028532419,2,0.25,1,2.745392561,0.5,2.144477844,2,0.035324231,1.700000048,1.700000048,4,10,500,0.03027303,0,0,0,0,0,0
,0.600000024,3,0.557180405,0.245713264,2068.199951,225,1,1913,1,43.72399902,0,6,0.028802531,1,1,-1202000,2399000,0,15.78600025,0.508084774,1.00E-04,0.200435996,1.335000038,0.020011939,2,0.25,1,3.151505232,0.5,2.223978519,2,0.036738351,1.700000048,1.700000048,4,10,500,0.01913978,0,0,0,0,0,0
,0.600000024,3,0.645355463,0.323343605,2085.5,270,1,1832,1,43.72299957,0,5,0.00555924,1,1,-1211000,2400200,0,16.05900002,0.408288807,1.00E-04,0.200435996,0,0.02907582,2,0.25,1,3.434001446,0.5,2.23831296,2,0.025770141,0,0,4,10,500,0.01734597,0,0,0,0,0,0
,0.600000024,3,0.346591562,0.163567096,2522.800049,45,1,1857,1,43.70399857,0,4,0.056293011,1,1,-1216000,2398900,0,15.95699978,0.632821441,1.00E-04,0.200435996,0.409000009,0.033065621,2,0.25,1,4.0807724,0.5,2.870691299,2,0.02311459,-1,-1,4,10,500,0.018178251,0,0,0,0,0,0
,0.600000024,3,0.468233556,0.118310101,2517.899902,270,1,1858,1,43.72299957,0,5,0.01088924,1,1,-1207000,2399700,0,15.98099995,0.719949782,1.00E-04,0.200435996,0.43900001,0.01245338,2,0.25,1,3.091478109,0.5,2.19805789,2,0.0235525,0,0,4,10,500,0.01466143,0,0,0,0,0,0
,0.600000024,0,0,0,1376.300049,45,1,1843,1,43.70299911,0,7,0.0138595,1,1,-1214000,2398400,0,16.02799988,0.958610654,1.00E-04,0.200435996,0.180000007,0.00140035,2,0.25,1,3.094044685,0.5,2.853517056,2,0.00206463,-1,-1,4,10,500,0.00104129,0,0,0,0,0,0
,0.600000024,2,0.501926303,0.224820763,1475.099976,270,1,1840,1,43.70700073,0,5,0.00694955,1,1,-1209000,2398100,0,16.04000092,0.956633389,1.00E-04,0.200435996,0.140000001,0.029061969,2,0.25,1,2.482748985,0.5,2.213638306,2,0.029815741,0,0,4,10,500,0.029061969,0,0,0,0,0,0
,0.600000024,2,0.460326493,0.097636022,2043.5,90,1,1842,1,43.68899918,0,3,0.01643976,1,1,-1213000,2396800,0,16.02400017,0.93521893,1.00E-04,0.200435996,0.173999995,0.01683192,2,0.25,1,2.769116163,0.5,2.696474075,2,0.01698911,0,0,4,10,500,0.01586457,0,0,0,0,0,0
,0.600000024,3,0.430340439,0.205653906,1742,0,1,1908,1,43.70199966,0,4,0.027125889,1,1,-1204000,2396700,0,15.81400013,0.566582143,1.00E-04,0.200435996,1.25,0.01818439,2,0.25,1,2.708199024,0.5,2.181176424,2,0.034397159,-1.700000048,-1.700000048,4,10,500,0.02486524,0,0,0,0,0,0
,0.600000024,3,0.413613766,0.068532497,5169.299805,315,1,1874,1,43.68999863,0,2,0.0173431,1,1,-1207000,2395800,0,15.9119997,0.822479725,1.00E-04,0.200435996,0.699000001,0.00722275,2,0.25,1,2.573143959,0.5,2.172983646,2,0.0125,-1,-1,4,10,500,0.00821223,0,0,0,0,0,0
,0.600000024,3,0.597068667,0.191862717,2663.699951,270,1,1842,1,43.67599869,0,5,0.01425716,1,1,-1209000,2394600,0,15.98799992,0.587028861,1.00E-04,0.200435996,0.165000007,0.02479591,2,0.25,1,3.012795925,0.5,2.206978798,2,0.038868271,0,0,4,10,500,0.02726345,0,0,0,0,0,0
,0.600000024,3,0.398957908,0.202523127,3580.399902,90,1,1855,1,43.65599823,0,10,0.064169332,1,1,-1215000,2393300,0,15.94499969,0.568236649,1.00E-04,0.200435996,0.384000003,0.044099368,2,0.25,1,3.479533911,0.5,2.652440786,2,0.026052451,0,0,4,10,500,0.025120771,0,0,0,0,0,0
,0.600000024,3,0.525926411,0.120452031,1880.400024,315,1,1832,1,43.6570015,0,2,0.00795907,1,1,-1211000,2392900,0,16.05400085,0.713836372,1.00E-04,0.200435996,0,0.0144021,2,0.25,1,2.760622978,0.5,2.252152443,2,0.018528249,0,0,4,10,500,0.01249671,0,0,0,0,0,0
,0.600000024,3,0.57909435,0.263324529,1309.599976,270,1,1874,1,43.66600037,0,5,0.027699679,1,1,-1208000,2393300,0,15.89999962,0.481862158,1.00E-04,0.200435996,0.68900001,0.030547161,2,0.25,1,3.061816931,0.5,2.234988689,2,0.02990566,0,0,4,10,500,0.02175471,0,0,0,0,0,0
,0.600000024,3,0.613660395,0.342870295,2896,315,1,1908,1,43.6570015,0,2,0.042272869,1,1,-1207000,2392100,0,15.80500031,0.387653202,1.00E-04,0.200435996,1.25,0.029778151,2,0.25,1,3.439681768,0.5,2.263768673,2,0.031527299,-1,-1,4,10,500,0.019880541,0,0,0,0,0,0
,0.600000024,3,0.54411006,0.140648872,3054.100098,270,1,1860,1,43.63999939,0,5,0.018181169,1,1,-1209000,2390600,0,15.94999981,0.673720598,1.00E-04,0.200435996,0.469000012,0.01505663,2,0.25,1,2.499055862,0.5,2.218711138,2,0.01104368,0,0,4,10,500,0.0087864,0,0,0,0,0,0
,0.600000024,3,0.548713863,0.122756474,3246.800049,315,1,1853,1,43.61399841,0,2,0.01132168,1,1,-1211000,2388000,0,15.97999954,0.708173931,1.00E-04,0.200435996,0.340000004,0.01235159,2,0.25,1,2.478121042,0.5,2.18646574,2,0.01069254,-1,-1,4,10,500,0.0080898,0,0,0,0,0,0
,0.600000024,3,0.404843271,0.256341696,1576.400024,90,1,1846,1,43.62099838,0,3,0.02739951,1,1,-1215000,2389300,0,16.01399994,0.489433467,1.00E-04,0.200435996,0.233999997,0.061755478,2,0.25,1,3.63444829,0.5,2.604949951,2,0.031191221,0,0,4,10,500,0.03095611,0,0,0,0,0,0
,0.600000024,3,0.501962602,0.14860101,3437.100098,315,1,1875,1,43.61800003,0,2,0.0140798,1,1,-1209000,2388000,0,15.93299961,0.659261405,1.00E-04,0.200435996,0.703999996,0.01426312,2,0.25,1,2.423411131,0.5,2.155645609,2,0.00948957,-1,-1,4,10,500,0.00772106,0,0,0,0,0,0
,0.600000024,2,0.325067669,0.042715792,1643.199951,90,1,1852,1,43.59799957,0,3,0.040083401,1,1,-1214000,2386700,0,15.97700024,0.850497782,1.00E-04,0.200435996,0.335000008,0.02300751,2,0.25,1,2.548867702,0.5,2.333490133,2,0.01691729,0,0,4,10,500,0.01691729,0,0,0,0,0,0
,0.600000024,2,0.291840672,0.042484611,4497.200195,270,1,1877,1,43.58399963,0,5,0.02324078,1,1,-1211000,2384600,0,15.9090004,0.875934005,1.00E-04,0.200435996,0.74000001,0.020978021,2,0.25,1,2.206546068,0.5,2.091253757,2,0.0173901,-1,-1,4,10,500,0.016582411,0,0,0,0,0,0
,0.600000024,3,0.374369442,0.207925394,2782.300049,225,1,2842,1,43.80899811,0,12,0.371622801,1,1,-1188000,2406300,0,12.71500015,0.559776485,1.00E-04,0.200435996,16.56900024,0.05073712,2,0.25,1,1.92427361,0.5,1.398676753,1,0.03365897,1.700000048,1.700000048,4,10,500,0.03365897,0,0,0,0,0,0
,0.600000024,3,0.382874131,0.220023781,3533.5,315,1,2799,1,43.78300095,0,11,0.387456864,1,1,-1189000,2403600,0,12.86699963,0.541303992,1.00E-04,0.200435996,15.85900021,0.062349651,2,0.25,1,1.859891057,0.5,1.404000044,1,0.042937059,-1,-1,4,10,500,0.042937059,0,0,0,0,0,0
,0.600000024,3,0.380656779,0.233999997,2332.600098,315,1,2842,1,43.76399994,0,18,0.409099758,1,1,-1187000,2401100,0,12.83300018,0.520757318,1.00E-04,0.200435996,16.57900047,0.052955501,2,0.25,1,1.924989462,0.5,1.402236223,1,0.02775423,-1,-1,4,10,500,0.02775423,0,0,0,0,0,0
,0.600000024,3,0.275492549,0.083051421,5142.100098,270,1,2935,1,43.72200012,0,12,0.334325463,1,1,-1187000,2396400,0,12.45499992,0.788852692,1.00E-04,0.200435996,18.10400009,0.048197981,2,0.25,1,1.625726104,0.5,1.400639653,1,0.036857281,0,0,4,10,500,0.036857281,0,0,0,0,0,0
,0.600000024,3,0.544639945,0.500052392,3019.5,270,1,2776,1,43.72600174,0,12,0.335370749,1,1,-1194000,2397800,0,13.05700016,0.250085711,1.00E-04,0.200435996,15.48400021,0.087806873,2,0.25,1,2.496520519,0.5,1.433047533,1,0.04472176,0,0,4,10,500,0.044108018,0,0,0,0,0,0
,0.600000024,3,0.518218517,0.449429363,3550.800049,45,1,2874,1,43.70899963,0,11,0.401420981,1,1,-1190000,2395300,0,12.65499973,0.287452191,1.00E-04,0.200435996,17.10400009,0.090466253,2,0.25,1,2.381699562,0.5,1.402377963,1,0.050000001,-1,-1,4,10,500,0.050000001,0,0,0,0,0,0
,0.600000024,3,0.455657572,0.281523585,2987.399902,180,1,2808,1,43.69900131,0,11,0.342249811,1,1,-1194000,2394800,0,12.80099964,0.4573057,1.00E-04,0.200435996,16.02000046,0.045880891,2,0.25,1,2.200476408,0.5,1.561786652,1,0.030521089,1.200000048,1.200000048,4,10,500,0.02578163,0,0,0,0,0,0
,0.600000024,3,0.44906792,0.317166656,6256.5,315,1,2855,1,43.66600037,0,11,0.334745705,1,1,-1194000,2391200,0,12.71199989,0.414750874,1.00E-04,0.200435996,16.7840004,0.057954181,2,0.25,1,2.177531004,0.5,1.404000044,1,0.041390199,-1,-1,4,10,500,0.03652053,0,0,0,0,0,0
,0.600000024,3,0.583161652,0.423447788,1727.199951,180,1,2769,1,43.64500046,0,24,0.433998525,1,1,-1197000,2389100,0,12.9090004,0.309638619,1.00E-04,0.200435996,15.36900043,0.05985694,2,0.25,1,2.406952858,0.5,1.404000044,1,0.045207441,1.200000048,1.200000048,4,10,500,0.035207432,0,0,0,0,0,0
,0.600000024,3,0.429229081,0.298182815,2243.600098,315,1,2806,1,43.63000107,0,11,0.351136714,1,1,-1196000,2387300,0,12.85700035,0.437249601,1.00E-04,0.200435996,15.98900032,0.053821579,2,0.25,1,2.090537548,0.5,1.404000044,1,0.038546249,-1,-1,4,10,500,0.034944929,0,0,0,0,0,0
,0.600000024,3,0.389999986,0.226325765,1304.599976,180,1,2768,1,43.61700058,0,23,0.380845517,1,1,-1198000,2386200,0,12.92399979,0.533134639,1.00E-04,0.200435996,15.35900021,0.044583332,2,0.25,1,1.910591006,0.5,1.431272745,1,0.047632571,1.200000048,1.200000048,4,10,500,0.042518929,0,0,0,0,0,0
,0.600000024,3,0.528480291,0.295487225,2130,315,1,2785,1,43.59500122,0,15,0.427943438,1,1,-1198000,2383700,0,12.86400032,0.43932125,1.00E-04,0.200435996,15.64000034,0.05591647,2,0.25,1,2.187981606,0.5,1.404000044,1,0.029582361,-1,-1,4,10,500,0.029582361,0,0,0,0,0,0
,0.600000024,3,0.520732701,0.457753628,3068.899902,180,1,2819,1,43.58100128,0,21,0.353742868,1,1,-1198000,2382100,0,12.82400036,0.280933976,1.00E-04,0.200435996,16.20000076,0.086191617,2,0.25,1,2.364115953,0.5,1.404000044,1,0.044283409,0,0,4,10,500,0.044283409,0,0,0,0,0,0
,0.600000024,3,0.597508788,0.592502952,4205.600098,315,1,2788,1,43.55899811,0,15,0.38007167,1,1,-1197000,2379500,0,12.8739996,0.193847626,1.00E-04,0.200435996,15.68000031,0.098072849,2,0.25,1,2.613045931,0.5,1.404000044,1,0.050000001,-1,-1,4,10,500,0.050000001,0,0,0,0,0,0
,0.600000024,3,0.553275466,0.553275466,2134.899902,270,1,2788,1,43.52399826,0,21,0.432270408,1,1,-1199000,2375900,0,12.89400005,0.215922073,1.00E-04,0.200435996,15.68900013,0.100000001,2,0.25,1,2.980003595,0.5,1.6068542,1,0.050000001,0,0,4,10,500,0.050000001,0,0,0,0,0,0
,,,,,,,,,,,,,,,,,,,,,,,,,,,,,,,,,,,,,,,,,,,,
,,,,,,,,,,,,,,,,,,,,,,,,,,,,,,,,,,,,,,,,,,,,
@T,nmonths,,,,,,,,,,,,,,,,,,,,,,,,,,,,,,,,,,,,,,,,,,,
description,Parameter bound by 'nmonths',,,,,,,,,,,,,,,,,,,,,,,,,,,,,,,,,,,,,,,,,,,
len,12,,,,,,,,,,,,,,,,,,,,,,,,,,,,,,,,,,,,,,,,,,,
@H,adjmix_rain,adjust_rain,adjust_snow,cecn_coef,dday_intcp,dday_slope,epan_coef,jh_coef,mo_corr_rain,mo_corr_snow,ppt_rad_adj,rain_code,tmax_allrain,tmax_index,tstorm_mo,,,,,,,,,,,,,,,,,,,,,,,,,,,,,
,0.001061777,0,-0.1,0.782329619,4.927934647,0.83351624,1,0.02,0,0,0.02,5,60.64515305,65.4954834,0,,,,,,,,,,,,,,,,,,,,,,,,,,,,,
,0.098159462,0,-0.1,0.782329619,7.065951347,0.78540498,1,0.02,0,0,0.02,5,60.64515305,67.38422394,0,,,,,,,,,,,,,,,,,,,,,,,,,,,,,
,0.195257157,0,-0.1,0.782329619,6.075609207,0.793762565,1,0.02,0,0,0.02,5,60.64515305,58.61507034,0,,,,,,,,,,,,,,,,,,,,,,,,,,,,,
,0.195257157,0,-0.1,0.782329619,-8.519217491,0.556322694,1,0.014,0,0,0.02,5,70.6989212,58.38782883,0,,,,,,,,,,,,,,,,,,,,,,,,,,,,,
,0.292354852,0,-0.1,0.782329619,6.12579298,0.416084379,1,0.014,0,0,0.02,5,70.6989212,64.73949432,1,,,,,,,,,,,,,,,,,,,,,,,,,,,,,
,0.680745602,0,-0.1,0.782329619,-28.1388092,0.810612381,1,0.014,0,0,0.02,5,70.6989212,75.22733307,1,,,,,,,,,,,,,,,,,,,,,,,,,,,,,
,0.680745602,0,-0.1,0.782329619,-34.03345871,0.490714729,1,0.014,0,0,0.02,5,70.6989212,69.75260162,1,,,,,,,,,,,,,,,,,,,,,,,,,,,,,
,0.680745602,0,-0.1,0.782329619,-5.374113083,0.443930209,1,0.014,0,0,0.02,5,70.6989212,87.45098114,1,,,,,,,,,,,,,,,,,,,,,,,,,,,,,
,0.680745602,0,-0.1,0.782329619,2.670383453,0.466796577,1,0.014,0,0,0.02,5,70.6989212,89.52606964,1,,,,,,,,,,,,,,,,,,,,,,,,,,,,,
,0.195257157,0,-0.1,0.782329619,-8.397868156,0.603867292,1,0.014,0,0,0.02,5,60.64515305,57.46740341,0,,,,,,,,,,,,,,,,,,,,,,,,,,,,,
,0.098159462,0,-0.1,0.782329619,7.714122772,0.639923573,1,0.02,0,0,0.02,5,60.64515305,50.49987411,0,,,,,,,,,,,,,,,,,,,,,,,,,,,,,
,0.001061777,0,-0.1,0.782329619,8.889216423,0.808134139,1,0.02,0,0,0.02,5,60.64515305,62.04103851,0,,,,,,,,,,,,,,,,,,,,,,,,,,,,,
,,,,,,,,,,,,,,,,,,,,,,,,,,,,,,,,,,,,,,,,,,,,
,,,,,,,,,,,,,,,,,,,,,,,,,,,,,,,,,,,,,,,,,,,,
@T,nradpl,,,,,,,,,,,,,,,,,,,,,,,,,,,,,,,,,,,,,,,,,,,
description,Parameter bound by 'nradpl',,,,,,,,,,,,,,,,,,,,,,,,,,,,,,,,,,,,,,,,,,,
len,31,,,,,,,,,,,,,,,,,,,,,,,,,,,,,,,,,,,,,,,,,,,
@H,radpl_aspect,radpl_lat,radpl_slope,,,,,,,,,,,,,,,,,,,,,,,,,,,,,,,,,,,,,,,,,
,0,43.67100143,0,,,,,,,,,,,,,,,,,,,,,,,,,,,,,,,,,,,,,,,,,
,315,43.66500092,0.050000001,,,,,,,,,,,,,,,,,,,,,,,,,,,,,,,,,,,,,,,,,
,90,43.69200134,0.050000001,,,,,,,,,,,,,,,,,,,,,,,,,,,,,,,,,,,,,,,,,
,0,43.70299911,0.050000001,,,,,,,,,,,,,,,,,,,,,,,,,,,,,,,,,,,,,,,,,
,270,43.71099854,0.050000001,,,,,,,,,,,,,,,,,,,,,,,,,,,,,,,,,,,,,,,,,
,225,43.75899887,0.050000001,,,,,,,,,,,,,,,,,,,,,,,,,,,,,,,,,,,,,,,,,
,45,43.70299911,0.050000001,,,,,,,,,,,,,,,,,,,,,,,,,,,,,,,,,,,,,,,,,
,225,43.81999969,0.150000006,,,,,,,,,,,,,,,,,,,,,,,,,,,,,,,,,,,,,,,,,
,45,43.59000015,0.150000006,,,,,,,,,,,,,,,,,,,,,,,,,,,,,,,,,,,,,,,,,
,135,43.65599823,0.050000001,,,,,,,,,,,,,,,,,,,,,,,,,,,,,,,,,,,,,,,,,
,315,43.69599915,0.150000006,,,,,,,,,,,,,,,,,,,,,,,,,,,,,,,,,,,,,,,,,
,270,43.7159996,0.150000006,,,,,,,,,,,,,,,,,,,,,,,,,,,,,,,,,,,,,,,,,
,45,43.60900116,0.25,,,,,,,,,,,,,,,,,,,,,,,,,,,,,,,,,,,,,,,,,
,135,43.69599915,0.150000006,,,,,,,,,,,,,,,,,,,,,,,,,,,,,,,,,,,,,,,,,
,315,43.59799957,0.25,,,,,,,,,,,,,,,,,,,,,,,,,,,,,,,,,,,,,,,,,
,0,43.62099838,0.25,,,,,,,,,,,,,,,,,,,,,,,,,,,,,,,,,,,,,,,,,
,180,43.63700104,0.25,,,,,,,,,,,,,,,,,,,,,,,,,,,,,,,,,,,,,,,,,
,315,43.76399994,0.349999994,,,,,,,,,,,,,,,,,,,,,,,,,,,,,,,,,,,,,,,,,
,225,43.51399994,0.25,,,,,,,,,,,,,,,,,,,,,,,,,,,,,,,,,,,,,,,,,
,90,43.65399933,0.25,,,,,,,,,,,,,,,,,,,,,,,,,,,,,,,,,,,,,,,,,
,270,43.55699921,0.25,,,,,,,,,,,,,,,,,,,,,,,,,,,,,,,,,,,,,,,,,
,180,43.67900085,0.349999994,,,,,,,,,,,,,,,,,,,,,,,,,,,,,,,,,,,,,,,,,
,180,43.66199875,0.550000012,,,,,,,,,,,,,,,,,,,,,,,,,,,,,,,,,,,,,,,,,
,180,43.64500046,0.649999976,,,,,,,,,,,,,,,,,,,,,,,,,,,,,,,,,,,,,,,,,
,225,43.56800079,0.349999994,,,,,,,,,,,,,,,,,,,,,,,,,,,,,,,,,,,,,,,,,
,270,43.73899841,0.349999994,,,,,,,,,,,,,,,,,,,,,,,,,,,,,,,,,,,,,,,,,
,225,43.63800049,0.449999988,,,,,,,,,,,,,,,,,,,,,,,,,,,,,,,,,,,,,,,,,
,0,43.6230011,0.449999988,,,,,,,,,,,,,,,,,,,,,,,,,,,,,,,,,,,,,,,,,
,0,43.6590004,0.349999994,,,,,,,,,,,,,,,,,,,,,,,,,,,,,,,,,,,,,,,,,
,45,43.73099899,0.649999976,,,,,,,,,,,,,,,,,,,,,,,,,,,,,,,,,,,,,,,,,
,45,43.54100037,0.349999994,,,,,,,,,,,,,,,,,,,,,,,,,,,,,,,,,,,,,,,,,
,,,,,,,,,,,,,,,,,,,,,,,,,,,,,,,,,,,,,,,,,,,,
,,,,,,,,,,,,,,,,,,,,,,,,,,,,,,,,,,,,,,,,,,,,
@T,nrain,,,,,,,,,,,,,,,,,,,,,,,,,,,,,,,,,,,,,,,,,,,
description,Parameter bound by 'nrain',,,,,,,,,,,,,,,,,,,,,,,,,,,,,,,,,,,,,,,,,,,
len,18,,,,,,,,,,,,,,,,,,,,,,,,,,,,,,,,,,,,,,,,,,,
@H,psta_elev,psta_x,psta_y,psta_nuse,psta_freq_nuse,,,,,,,,,,,,,,,,,,,,,,,,,,,,,,,,,,,,,,,
,1589,-1214647.8,2436811,1,1,,,,,,,,,,,,,,,,,,,,,,,,,,,,,,,,,,,,,,,
,1641,-1222455.7,2359801.6,0,0,,,,,,,,,,,,,,,,,,,,,,,,,,,,,,,,,,,,,,,
,1776,-1267760.1,2366755,1,1,,,,,,,,,,,,,,,,,,,,,,,,,,,,,,,,,,,,,,,
,1634,-1226911.4,2371235.1,1,1,,,,,,,,,,,,,,,,,,,,,,,,,,,,,,,,,,,,,,,
,1865,-1207432,2400404.4,1,1,,,,,,,,,,,,,,,,,,,,,,,,,,,,,,,,,,,,,,,
,1526,-1259572.9,2417749.4,1,1,,,,,,,,,,,,,,,,,,,,,,,,,,,,,,,,,,,,,,,
,1881,-1218210.5,2416361.5,1,1,,,,,,,,,,,,,,,,,,,,,,,,,,,,,,,,,,,,,,,
,1509,-1250577.1,2434464.4,1,1,,,,,,,,,,,,,,,,,,,,,,,,,,,,,,,,,,,,,,,
,1972,-1177336.7,2387137.9,1,1,,,,,,,,,,,,,,,,,,,,,,,,,,,,,,,,,,,,,,,
,2098,-1165128,2439199.5,1,1,,,,,,,,,,,,,,,,,,,,,,,,,,,,,,,,,,,,,,,
,2048,-1218135.9,2383977.5,1,1,,,,,,,,,,,,,,,,,,,,,,,,,,,,,,,,,,,,,,,
,2003,-1262544,2350460.9,1,1,,,,,,,,,,,,,,,,,,,,,,,,,,,,,,,,,,,,,,,
,2393,-1296720.9,2278637.3,1,1,,,,,,,,,,,,,,,,,,,,,,,,,,,,,,,,,,,,,,,
,2073,-1240926.4,2317824.4,1,1,,,,,,,,,,,,,,,,,,,,,,,,,,,,,,,,,,,,,,,
,2214,-1178532.9,2440483.3,1,1,,,,,,,,,,,,,,,,,,,,,,,,,,,,,,,,,,,,,,,
,2499,-1195149.6,2374595.9,1,1,,,,,,,,,,,,,,,,,,,,,,,,,,,,,,,,,,,,,,,
,2109,-1165386.2,2439271.2,1,1,,,,,,,,,,,,,,,,,,,,,,,,,,,,,,,,,,,,,,,
,2393,-1163883.1,2447497.7,1,1,,,,,,,,,,,,,,,,,,,,,,,,,,,,,,,,,,,,,,,
,,,,,,,,,,,,,,,,,,,,,,,,,,,,,,,,,,,,,,,,,,,,
,,,,,,,,,,,,,,,,,,,,,,,,,,,,,,,,,,,,,,,,,,,,
@T,nssr,,,,,,,,,,,,,,,,,,,,,,,,,,,,,,,,,,,,,,,,,,,
description,Parameter bound by 'nssr',,,,,,,,,,,,,,,,,,,,,,,,,,,,,,,,,,,,,,,,,,,
len,1,,,,,,,,,,,,,,,,,,,,,,,,,,,,,,,,,,,,,,,,,,,
@H,ssr2gw_exp,ssr2gw_rate,ssr_gwres,ssrcoef_lin,ssrcoef_sq,ssrmax_coef,ssstor_init,,,,,,,,,,,,,,,,,,,,,,,,,,,,,,,,,,,,,
,1,0.005,1,0.050000001,0.014975338,1,0,,,,,,,,,,,,,,,,,,,,,,,,,,,,,,,,,,,,,
,,,,,,,,,,,,,,,,,,,,,,,,,,,,,,,,,,,,,,,,,,,,
,,,,,,,,,,,,,,,,,,,,,,,,,,,,,,,,,,,,,,,,,,,,
@T,ntemp,,,,,,,,,,,,,,,,,,,,,,,,,,,,,,,,,,,,,,,,,,,
description,Parameter bound by 'ntemp',,,,,,,,,,,,,,,,,,,,,,,,,,,,,,,,,,,,,,,,,,,
len,18,,,,,,,,,,,,,,,,,,,,,,,,,,,,,,,,,,,,,,,,,,,
@H,tsta_elev,tsta_x,tsta_y,tsta_nuse,,,,,,,,,,,,,,,,,,,,,,,,,,,,,,,,,,,,,,,,
,1589,-1214647.8,2436811,1,,,,,,,,,,,,,,,,,,,,,,,,,,,,,,,,,,,,,,,,
,1641,-1222455.7,2359801.6,1,,,,,,,,,,,,,,,,,,,,,,,,,,,,,,,,,,,,,,,,
,1776,-1267760.1,2366755,1,,,,,,,,,,,,,,,,,,,,,,,,,,,,,,,,,,,,,,,,
,1634,-1226911.4,2371235.1,1,,,,,,,,,,,,,,,,,,,,,,,,,,,,,,,,,,,,,,,,
,1865,-1207432,2400404.4,1,,,,,,,,,,,,,,,,,,,,,,,,,,,,,,,,,,,,,,,,
,1526,-1259572.9,2417749.4,1,,,,,,,,,,,,,,,,,,,,,,,,,,,,,,,,,,,,,,,,
,1881,-1218210.5,2416361.5,1,,,,,,,,,,,,,,,,,,,,,,,,,,,,,,,,,,,,,,,,
,1509,-1250577.1,2434464.4,1,,,,,,,,,,,,,,,,,,,,,,,,,,,,,,,,,,,,,,,,
,1972,-1177336.7,2387137.9,1,,,,,,,,,,,,,,,,,,,,,,,,,,,,,,,,,,,,,,,,
,2098,-1165128,2439199.5,1,,,,,,,,,,,,,,,,,,,,,,,,,,,,,,,,,,,,,,,,
,2048,-1218135.9,2383977.5,1,,,,,,,,,,,,,,,,,,,,,,,,,,,,,,,,,,,,,,,,
,2003,-1262544,2350460.9,1,,,,,,,,,,,,,,,,,,,,,,,,,,,,,,,,,,,,,,,,
,2393,-1296720.9,2278637.3,1,,,,,,,,,,,,,,,,,,,,,,,,,,,,,,,,,,,,,,,,
,2073,-1240926.4,2317824.4,1,,,,,,,,,,,,,,,,,,,,,,,,,,,,,,,,,,,,,,,,
,2214,-1178532.9,2440483.3,1,,,,,,,,,,,,,,,,,,,,,,,,,,,,,,,,,,,,,,,,
,2499,-1195149.6,2374595.9,1,,,,,,,,,,,,,,,,,,,,,,,,,,,,,,,,,,,,,,,,
,2109,-1165386.2,2439271.2,1,,,,,,,,,,,,,,,,,,,,,,,,,,,,,,,,,,,,,,,,
,2393,-1163883.1,2447497.7,1,,,,,,,,,,,,,,,,,,,,,,,,,,,,,,,,,,,,,,,,
,,,,,,,,,,,,,,,,,,,,,,,,,,,,,,,,,,,,,,,,,,,,
,,,,,,,,,,,,,,,,,,,,,,,,,,,,,,,,,,,,,,,,,,,,
@T,snarea_curve,,,,,,,,,,,,,,,,,,,,,,,,,,,,,,,,,,,,,,,,,,,
bound,"ndepl,ndeplval",,,,,,,,,,,,,,,,,,,,,,,,,,,,,,,,,,,,,,,,,,,
len,"2,11",,,,,,,,,,,,,,,,,,,,,,,,,,,,,,,,,,,,,,,,,,,
@H,0,1,2,3,4,5,6,7,8,9,10,,,,,,,,,,,,,,,,,,,,,,,,,,,,,,,,,
,0.050000001,0.239999995,0.400000006,0.529999971,0.649999976,0.75,0.819999993,0.879999995,0.930000007,0.99000001,1,,,,,,,,,,,,,,,,,,,,,,,,,,,,,,,,,
,0.050000001,0.25,0.400000006,0.479999989,0.540000021,0.579999983,0.610000014,0.639999986,0.660000026,0.680000007,0.699999988,,,,,,,,,,,,,,,,,,,,,,,,,,,,,,,,,
,,,,,,,,,,,,,,,,,,,,,,,,,,,,,,,,,,,,,,,,,,,,
,,,,,,,,,,,,,,,,,,,,,,,,,,,,,,,,,,,,,,,,,,,,
@T,tsta_month_max,,,,,,,,,,,,,,,,,,,,,,,,,,,,,,,,,,,,,,,,,,,
bound,"nmonths, ntemp",,,,,,,,,,,,,,,,,,,,,,,,,,,,,,,,,,,,,,,,,,,
len,"12,18",,,,,,,,,,,,,,,,,,,,,,,,,,,,,,,,,,,,,,,,,,,
@H,0,1,2,3,4,5,6,7,8,9,10,11,12,13,14,15,16,17,,,,,,,,,,,,,,,,,,,,,,,,,,
,-1.2931,30.9872,-1.1503,-1.1731,-1.218,-1.2262,-1.2861,-1.3019,-1.4019,-1.3988,-1.2404,-1.2367,-1.2645,-1.1642,-1.451,-1.4357,-1.3445,-1.419,,,,,,,,,,,,,,,,,,,,,,,,,,
,-1.0986,33.6528,-0.9782,-0.9563,-1.0576,-1.062,-1.1394,-1.0857,-1.1773,-1.1834,-1.0333,-1.0013,-1.0984,-0.95,-1.193,-1.251,-1.0684,-1.182,,,,,,,,,,,,,,,,,,,,,,,,,,
,-0.5848,45.6909,-0.5133,-0.4017,-0.5807,-0.3166,-0.6508,-0.4865,-0.6503,-0.7217,-0.5693,-0.5219,-0.6688,-0.5508,-0.7313,-0.7913,-0.6183,-0.769,,,,,,,,,,,,,,,,,,,,,,,,,,
,0.0727,56.2895,0.0223,0.2356,0.0051,0.268,-0.0593,0.2114,-0.1001,-0.3154,-0.1435,-0.0774,-0.2896,-0.184,-0.3207,-0.3356,-0.2372,-0.3603,,,,,,,,,,,,,,,,,,,,,,,,,,
,0.6514,65.5096,0.5599,0.7275,0.5426,0.7576,0.5046,0.712,0.4962,0.2325,0.3656,0.428,0.1992,0.2971,0.1445,0.1314,0.2738,0.0791,,,,,,,,,,,,,,,,,,,,,,,,,,
,1.1134,74.3828,1.0168,1.2255,1.0121,74.4095,0.9701,1.1705,1.0024,0.7866,0.8705,0.933,0.7547,0.7838,0.6143,0.5819,0.7736,0.486,,,,,,,,,,,,,,,,,,,,,,,,,,
,1.6493,85.4096,1.5879,1.7905,1.509,1.7267,1.5044,1.7208,1.5622,1.3596,1.474,1.5138,1.3739,1.3504,1.1897,1.147,1.3289,1.0349,,,,,,,,,,,,,,,,,,,,,,,,,,
,1.6264,76.4809,1.5104,1.745,1.4643,1.7506,1.4723,1.6742,1.5111,1.3143,1.4313,1.4487,1.2804,1.3121,1.1456,1.0624,1.2989,0.9902,,,,,,,,,,,,,,,,,,,,,,,,,,
,1.0851,61.7695,0.9997,1.1909,0.9409,1.1982,0.956,1.1272,0.96,0.7802,0.8381,0.8659,0.6742,0.7528,0.5602,0.4682,0.726,0.4484,,,,,,,,,,,,,,,,,,,,,,,,,,
,0.3514,54.6452,0.2735,0.4453,0.2368,0.4183,0.2378,0.3836,0.2232,0.0069,0.0168,0.0494,-0.1259,-0.0202,-0.216,-0.3289,-0.0789,-0.2681,,,,,,,,,,,,,,,,,,,,,,,,,,
,-0.7204,40.7344,-0.6555,-0.593,-0.6929,41.7571,-0.7643,-0.6328,-0.798,-0.9473,-0.8843,-0.8702,-0.9631,-0.8479,-1.0856,-1.1353,-0.9446,-1.0951,,,,,,,,,,,,,,,,,,,,,,,,,,
,-1.2991,32.0585,-1.1848,-1.2097,-1.2534,30.4306,28.3677,-1.2566,-1.4575,-1.4588,-1.3105,-1.3257,-1.3375,-1.2737,-1.5292,-1.5344,-1.4271,-1.4917,,,,,,,,,,,,,,,,,,,,,,,,,,
,,,,,,,,,,,,,,,,,,,,,,,,,,,,,,,,,,,,,,,,,,,,
,,,,,,,,,,,,,,,,,,,,,,,,,,,,,,,,,,,,,,,,,,,,
@T,tsta_month_min,,,,,,,,,,,,,,,,,,,,,,,,,,,,,,,,,,,,,,,,,,,
bound,"nmonths, ntemp",,,,,,,,,,,,,,,,,,,,,,,,,,,,,,,,,,,,,,,,,,,
len,"12,18",,,,,,,,,,,,,,,,,,,,,,,,,,,,,,,,,,,,,,,,,,,
@H,0,1,2,3,4,5,6,7,8,9,10,11,12,13,14,15,16,17,,,,,,,,,,,,,,,,,,,,,,,,,,
,-1.0976,12.5171,-0.9763,-1.0012,-1.1838,-1.1305,-1.4198,-1.3262,-1.8727,-1.932,-0.9632,-0.9087,-0.8049,-1.0131,-1.4752,-1.126,-1.6169,-1.2296,,,,,,,,,,,,,,,,,,,,,,,,,,
,-0.9243,13.4444,-0.9624,-0.9332,-1.136,-1.0129,-1.4058,-1.2456,-1.8069,-1.9962,-0.9605,-0.8993,-0.7931,-1.0176,-1.5534,-1.138,-1.6197,-1.2404,,,,,,,,,,,,,,,,,,,,,,,,,,
,-0.2938,23.2674,-0.3077,-0.2973,-0.4648,-0.231,-0.6284,-0.5722,-0.997,-1.2917,-0.5043,-0.4044,-0.4091,-0.5508,-1.0392,-0.6892,-0.975,-0.7598,,,,,,,,,,,,,,,,,,,,,,,,,,
,0.3054,31.312,0.1753,0.1977,0.1181,0.3018,0.0321,0.0684,-0.228,-0.5464,-0.0371,0.0729,0.0069,-0.0297,-0.4589,-0.22,-0.317,-0.2664,,,,,,,,,,,,,,,,,,,,,,,,,,
,0.8472,38.5423,0.6831,0.7111,0.6109,0.9203,0.5573,0.6175,0.3616,0.087,0.5262,0.6588,0.5977,0.5441,0.1044,0.3482,0.2223,0.3588,,,,,,,,,,,,,,,,,,,,,,,,,,
,1.2273,44.6031,1.0875,1.1579,1.052,44.5952,0.9807,1.0689,0.8013,0.5319,0.9721,1.1394,1.1541,0.9826,0.5507,0.8497,0.6378,0.887,,,,,,,,,,,,,,,,,,,,,,,,,,
,1.6094,53.3727,1.5521,1.5239,1.5082,1.6975,1.4149,1.4637,1.144,0.8209,1.515,1.7317,1.8665,1.4973,0.9918,1.4411,0.9557,1.4582,,,,,,,,,,,,,,,,,,,,,,,,,,
,1.449,49.7937,1.4544,1.4439,1.3849,1.5279,1.3052,1.3357,0.9908,0.6044,1.4631,1.6338,1.7764,1.4475,0.8657,1.352,0.802,1.3647,,,,,,,,,,,,,,,,,,,,,,,,,,
,0.9607,43.1174,0.8681,0.9032,0.8392,0.9583,0.7095,0.7587,0.437,0.0269,0.9056,1.0108,1.16,0.8548,0.3435,0.8012,0.2752,0.7914,,,,,,,,,,,,,,,,,,,,,,,,,,
,0.2685,34.1084,0.2106,0.257,0.1616,0.2925,0.0599,0.0822,-0.2449,-0.516,0.2128,0.3191,0.3673,0.1372,-0.2344,0.1413,-0.2739,0.0999,,,,,,,,,,,,,,,,,,,,,,,,,,
,-0.4754,22.7656,-0.5333,-0.4166,-0.603,20.2014,-0.7456,-0.6984,-1.0713,-1.3211,-0.5773,-0.5179,-0.4606,-0.6301,-1.0516,-0.7403,-1.0598,-0.7607,,,,,,,,,,,,,,,,,,,,,,,,,,
,-1.11,16.6061,-1.0933,-1.0243,-1.2537,11.5486,8.2118,-1.3117,-1.8949,-2.0352,-1.0499,-1.0085,-0.8658,-1.1073,-1.6023,-1.2008,-1.7145,-1.2766,,,,,,,,,,,,,,,,,,,,,,,,,,
,,,,,,,,,,,,,,,,,,,,,,,,,,,,,,,,,,,,,,,,,,,,
,,,,,,,,,,,,,,,,,,,,,,,,,,,,,,,,,,,,,,,,,,,,
@T,psta_month_ppt,,,,,,,,,,,,,,,,,,,,,,,,,,,,,,,,,,,,,,,,,,,
bound,"nmonths, nrain",,,,,,,,,,,,,,,,,,,,,,,,,,,,,,,,,,,,,,,,,,,
len,"12,18",,,,,,,,,,,,,,,,,,,,,,,,,,,,,,,,,,,,,,,,,,,
@H,0,1,2,3,4,5,6,7,8,9,10,11,12,13,14,15,16,17,,,,,,,,,,,,,,,,,,,,,,,,,,
,0.0134,0.0569,-0.4778,-0.4765,-0.721,-0.7242,0.3984,-0.5453,0.3931,1.1749,1.4061,0.8108,1.3636,0.6677,3.6018,2.3725,1.585,3.1495,,,,,,,,,,,,,,,,,,,,,,,,,,
,-0.6614,0.0615,-0.9527,-0.7879,-0.9866,-0.9431,-0.6275,-0.9799,-0.0542,0.4756,0.5973,0.1981,0.8903,0.0495,2.2151,1.5611,0.8129,2.2363,,,,,,,,,,,,,,,,,,,,,,,,,,
,-0.6245,0.0807,-0.7317,-0.5154,-0.8992,-0.8735,-0.4153,-0.855,-0.4401,0.1209,0.5672,0.1033,1.0079,-0.001,1.9589,1.3094,0.353,2.0555,,,,,,,,,,,,,,,,,,,,,,,,,,
,-0.57,0.0604,-0.6867,-0.2975,-0.5723,-0.8096,-0.4443,-0.5375,-0.5186,0.2458,0.4569,-0.0823,0.7565,0.0095,1.7072,0.9123,0.6223,1.5634,,,,,,,,,,,,,,,,,,,,,,,,,,
,-0.0642,0.0673,-0.1653,0.2421,-0.26,-0.4693,0.2562,-0.0998,-0.1184,0.3294,0.7257,0.2928,0.6368,0.2618,1.4602,0.7644,0.5372,1.2669,,,,,,,,,,,,,,,,,,,,,,,,,,
,-0.3699,0.0457,-0.6395,-0.334,-0.7047,0.0503,-0.18,-0.3216,-0.2875,0.1432,-0.0664,-0.7654,-0.4658,-0.366,0.5608,0.1653,0.0894,0.3011,,,,,,,,,,,,,,,,,,,,,,,,,,
,-1.097,0.0823,-0.9946,-0.7134,-0.9672,-1.1291,-0.9549,-1.1074,-0.7439,-0.5596,-0.778,-1.1376,-1.0912,-1.0023,-0.751,-0.7703,-0.6866,-0.8167,,,,,,,,,,,,,,,,,,,,,,,,,,
,-1.072,0.0348,-1.0415,-0.7712,-0.9159,-1.1674,-0.9238,-1.1189,-0.6968,-0.5156,-0.4263,-1.0602,-0.7935,-0.8786,-0.6775,-0.6273,-0.572,-0.6427,,,,,,,,,,,,,,,,,,,,,,,,,,
,-0.8801,0.0226,-0.8297,-0.5421,-0.8547,-1.0728,-0.6292,-0.9989,-0.5325,-0.4346,-0.4296,-0.785,-0.4544,-0.7354,-0.1899,-0.2767,-0.4374,-0.3346,,,,,,,,,,,,,,,,,,,,,,,,,,
,-0.6097,0.0315,-0.8468,-0.5126,-0.7702,-0.8428,-0.5633,-0.8979,-0.7236,-0.1825,-0.2137,-0.6273,-0.291,-0.3992,0.5208,-0.1402,0.0419,0.4744,,,,,,,,,,,,,,,,,,,,,,,,,,
,-0.3319,0.055,-0.5819,-0.4292,-0.8373,0.0326,-0.2797,-0.6417,0.0025,1.049,1.168,0.2772,0.7126,0.4409,2.9256,1.887,1.2399,3.0374,,,,,,,,,,,,,,,,,,,,,,,,,,
,-0.1222,0.0381,-0.5342,-0.634,-0.728,0.0307,-0.1715,-0.7073,0.1653,1.1097,1.3481,0.7141,1.4795,0.6755,3.5167,2.3725,1.4909,3.3235,,,,,,,,,,,,,,,,,,,,,,,,,,
,,,,,,,,,,,,,,,,,,,,,,,,,,,,,,,,,,,,,,,,,,,,
,,,,,,,,,,,,,,,,,,,,,,,,,,,,,,,,,,,,,,,,,,,,
@T,max_lapse,,,,,,,,,,,,,,,,,,,,,,,,,,,,,,,,,,,,,,,,,,,
bound,"nmonths, nlapse",,,,,,,,,,,,,,,,,,,,,,,,,,,,,,,,,,,,,,,,,,,
len,"12,3",,,,,,,,,,,,,,,,,,,,,,,,,,,,,,,,,,,,,,,,,,,
@H,0,1,2,,,,,,,,,,,,,,,,,,,,,,,,,,,,,,,,,,,,,,,,,
,0,-0.067101,-0.070726,,,,,,,,,,,,,,,,,,,,,,,,,,,,,,,,,,,,,,,,,
,0,-0.052952,-0.058442,,,,,,,,,,,,,,,,,,,,,,,,,,,,,,,,,,,,,,,,,
,-0.043814,0,-0.089847,,,,,,,,,,,,,,,,,,,,,,,,,,,,,,,,,,,,,,,,,
,-0.036193,0,-0.184237,,,,,,,,,,,,,,,,,,,,,,,,,,,,,,,,,,,,,,,,,
,0,-0.035281,-0.224422,,,,,,,,,,,,,,,,,,,,,,,,,,,,,,,,,,,,,,,,,
,0,-0.051402,-0.221894,,,,,,,,,,,,,,,,,,,,,,,,,,,,,,,,,,,,,,,,,
,0,-0.064198,-0.211401,,,,,,,,,,,,,,,,,,,,,,,,,,,,,,,,,,,,,,,,,
,0,-0.052696,-0.22329,,,,,,,,,,,,,,,,,,,,,,,,,,,,,,,,,,,,,,,,,
,0,-0.044602,-0.236501,,,,,,,,,,,,,,,,,,,,,,,,,,,,,,,,,,,,,,,,,
,0.045062,-0.072244,-0.273005,,,,,,,,,,,,,,,,,,,,,,,,,,,,,,,,,,,,,,,,,
,0,-0.045486,-0.176858,,,,,,,,,,,,,,,,,,,,,,,,,,,,,,,,,,,,,,,,,
,-0.060261,0,-0.070446,,,,,,,,,,,,,,,,,,,,,,,,,,,,,,,,,,,,,,,,,
,,,,,,,,,,,,,,,,,,,,,,,,,,,,,,,,,,,,,,,,,,,,
,,,,,,,,,,,,,,,,,,,,,,,,,,,,,,,,,,,,,,,,,,,,
@T,min_lapse,,,,,,,,,,,,,,,,,,,,,,,,,,,,,,,,,,,,,,,,,,,
bound,"nmonths, nlapse",,,,,,,,,,,,,,,,,,,,,,,,,,,,,,,,,,,,,,,,,,,
len,"12,3",,,,,,,,,,,,,,,,,,,,,,,,,,,,,,,,,,,,,,,,,,,
@H,0,1,2,,,,,,,,,,,,,,,,,,,,,,,,,,,,,,,,,,,,,,,,,
,-0.236513,0,0,,,,,,,,,,,,,,,,,,,,,,,,,,,,,,,,,,,,,,,,,
,-0.25698,0,0,,,,,,,,,,,,,,,,,,,,,,,,,,,,,,,,,,,,,,,,,
,-0.208371,0,-0.078609,,,,,,,,,,,,,,,,,,,,,,,,,,,,,,,,,,,,,,,,,
,-0.135813,0,-0.128994,,,,,,,,,,,,,,,,,,,,,,,,,,,,,,,,,,,,,,,,,
,-0.13458,0,-0.113623,,,,,,,,,,,,,,,,,,,,,,,,,,,,,,,,,,,,,,,,,
,-0.147068,0,-0.066038,,,,,,,,,,,,,,,,,,,,,,,,,,,,,,,,,,,,,,,,,
,-0.226032,0,0,,,,,,,,,,,,,,,,,,,,,,,,,,,,,,,,,,,,,,,,,
,-0.241855,0,0,,,,,,,,,,,,,,,,,,,,,,,,,,,,,,,,,,,,,,,,,
,-0.223143,0,0,,,,,,,,,,,,,,,,,,,,,,,,,,,,,,,,,,,,,,,,,
,-0.184189,0,0,,,,,,,,,,,,,,,,,,,,,,,,,,,,,,,,,,,,,,,,,
,-0.194854,0,0,,,,,,,,,,,,,,,,,,,,,,,,,,,,,,,,,,,,,,,,,
,-0.250275,0,0,,,,,,,,,,,,,,,,,,,,,,,,,,,,,,,,,,,,,,,,,
,,,,,,,,,,,,,,,,,,,,,,,,,,,,,,,,,,,,,,,,,,,,
,,,,,,,,,,,,,,,,,,,,,,,,,,,,,,,,,,,,,,,,,,,,
@T,ppt_lapse,,,,,,,,,,,,,,,,,,,,,,,,,,,,,,,,,,,,,,,,,,,
bound,"nmonths, nlapse",,,,,,,,,,,,,,,,,,,,,,,,,,,,,,,,,,,,,,,,,,,
len,"12,3",,,,,,,,,,,,,,,,,,,,,,,,,,,,,,,,,,,,,,,,,,,
@H,0,1,2,,,,,,,,,,,,,,,,,,,,,,,,,,,,,,,,,,,,,,,,,
,0,0.487022,1.242446,,,,,,,,,,,,,,,,,,,,,,,,,,,,,,,,,,,,,,,,,
,0,0.338124,1.045254,,,,,,,,,,,,,,,,,,,,,,,,,,,,,,,,,,,,,,,,,
,-0.321666,0.495183,1.071179,,,,,,,,,,,,,,,,,,,,,,,,,,,,,,,,,,,,,,,,,
,0,0.235302,0.717671,,,,,,,,,,,,,,,,,,,,,,,,,,,,,,,,,,,,,,,,,
,0,0.150404,0.447882,,,,,,,,,,,,,,,,,,,,,,,,,,,,,,,,,,,,,,,,,
,0,0.251276,0.264392,,,,,,,,,,,,,,,,,,,,,,,,,,,,,,,,,,,,,,,,,
,0.188084,-0.069652,0,,,,,,,,,,,,,,,,,,,,,,,,,,,,,,,,,,,,,,,,,
,0.177918,-0.084871,0.071656,,,,,,,,,,,,,,,,,,,,,,,,,,,,,,,,,,,,,,,,,
,0.086715,0,0.184932,,,,,,,,,,,,,,,,,,,,,,,,,,,,,,,,,,,,,,,,,
,0,0.196277,0.372212,,,,,,,,,,,,,,,,,,,,,,,,,,,,,,,,,,,,,,,,,
,0,0.508425,1.144457,,,,,,,,,,,,,,,,,,,,,,,,,,,,,,,,,,,,,,,,,
,0,0.462342,1.328867,,,,,,,,,,,,,,,,,,,,,,,,,,,,,,,,,,,,,,,,,
